{
  "version": "2.0",
  "service": "<p>With Application Auto Scaling, you can configure automatic scaling for your scalable resources. You can use Application Auto Scaling to accomplish the following tasks:</p> <ul> <li> <p>Define scaling policies to automatically scale your AWS or custom resources</p> </li> <li> <p>Scale your resources in response to CloudWatch alarms</p> </li> <li> <p>Schedule one-time or recurring scaling actions</p> </li> <li> <p>View the history of your scaling events</p> </li> </ul> <p>Application Auto Scaling can scale the following resources:</p> <ul> <li> <p>Amazon ECS services. For more information, see <a href=\"http://docs.aws.amazon.com/AmazonECS/latest/developerguide/service-auto-scaling.html\">Service Auto Scaling</a> in the <i>Amazon Elastic Container Service Developer Guide</i>.</p> </li> <li> <p>Amazon EC2 Spot fleets. For more information, see <a href=\"http://docs.aws.amazon.com/AWSEC2/latest/UserGuide/fleet-auto-scaling.html\">Automatic Scaling for Spot Fleet</a> in the <i>Amazon EC2 User Guide</i>.</p> </li> <li> <p>Amazon EMR clusters. For more information, see <a href=\"http://docs.aws.amazon.com/ElasticMapReduce/latest/ManagementGuide/emr-automatic-scaling.html\">Using Automatic Scaling in Amazon EMR</a> in the <i>Amazon EMR Management Guide</i>.</p> </li> <li> <p>AppStream 2.0 fleets. For more information, see <a href=\"http://docs.aws.amazon.com/appstream2/latest/developerguide/autoscaling.html\">Fleet Auto Scaling for Amazon AppStream 2.0</a> in the <i>Amazon AppStream 2.0 Developer Guide</i>.</p> </li> <li> <p>Provisioned read and write capacity for Amazon DynamoDB tables and global secondary indexes. For more information, see <a href=\"http://docs.aws.amazon.com/amazondynamodb/latest/developerguide/AutoScaling.html\">Managing Throughput Capacity Automatically with DynamoDB Auto Scaling</a> in the <i>Amazon DynamoDB Developer Guide</i>.</p> </li> <li> <p>Amazon Aurora Replicas. For more information, see <a href=\"http://docs.aws.amazon.com/AmazonRDS/latest/UserGuide/Aurora.Integrating.AutoScaling.html\">Using Amazon Aurora Auto Scaling with Aurora Replicas</a>.</p> </li> <li> <p>Amazon SageMaker endpoint variants. For more information, see <a href=\"http://docs.aws.amazon.com/sagemaker/latest/dg/endpoint-auto-scaling.html\">Automatically Scaling Amazon SageMaker Models</a>.</p> </li> <li> <p>Custom resources provided by your own applications or services. More information is available in our <a href=\"https://github.com/aws/aws-auto-scaling-custom-resource\">GitHub repository</a>. </p> </li> </ul> <p>To learn more about Application Auto Scaling, see the <a href=\"http://docs.aws.amazon.com/autoscaling/application/userguide/what-is-application-auto-scaling.html\">Application Auto Scaling User Guide</a>.</p> <p>To configure automatic scaling for multiple resources across multiple services, use AWS Auto Scaling to create a scaling plan for your application. For more information, see the <a href=\"http://docs.aws.amazon.com/autoscaling/plans/userguide/what-is-aws-auto-scaling.html\">AWS Auto Scaling User Guide</a>.</p>",
  "operations": {
    "DeleteScalingPolicy": "<p>Deletes the specified Application Auto Scaling scaling policy.</p> <p>Deleting a policy deletes the underlying alarm action, but does not delete the CloudWatch alarm associated with the scaling policy, even if it no longer has an associated action.</p> <p>To create a scaling policy or update an existing one, see <a>PutScalingPolicy</a>.</p>",
    "DeleteScheduledAction": "<p>Deletes the specified Application Auto Scaling scheduled action.</p>",
    "DeregisterScalableTarget": "<p>Deregisters a scalable target.</p> <p>Deregistering a scalable target deletes the scaling policies that are associated with it.</p> <p>To create a scalable target or update an existing one, see <a>RegisterScalableTarget</a>.</p>",
    "DescribeScalableTargets": "<p>Gets information about the scalable targets in the specified namespace.</p> <p>You can filter the results using the <code>ResourceIds</code> and <code>ScalableDimension</code> parameters.</p> <p>To create a scalable target or update an existing one, see <a>RegisterScalableTarget</a>. If you are no longer using a scalable target, you can deregister it using <a>DeregisterScalableTarget</a>.</p>",
    "DescribeScalingActivities": "<p>Provides descriptive information about the scaling activities in the specified namespace from the previous six weeks.</p> <p>You can filter the results using the <code>ResourceId</code> and <code>ScalableDimension</code> parameters.</p> <p>Scaling activities are triggered by CloudWatch alarms that are associated with scaling policies. To view the scaling policies for a service namespace, see <a>DescribeScalingPolicies</a>. To create a scaling policy or update an existing one, see <a>PutScalingPolicy</a>.</p>",
    "DescribeScalingPolicies": "<p>Describes the scaling policies for the specified service namespace.</p> <p>You can filter the results using the <code>ResourceId</code>, <code>ScalableDimension</code>, and <code>PolicyNames</code> parameters.</p> <p>To create a scaling policy or update an existing one, see <a>PutScalingPolicy</a>. If you are no longer using a scaling policy, you can delete it using <a>DeleteScalingPolicy</a>.</p>",
    "DescribeScheduledActions": "<p>Describes the scheduled actions for the specified service namespace.</p> <p>You can filter the results using the <code>ResourceId</code>, <code>ScalableDimension</code>, and <code>ScheduledActionNames</code> parameters.</p> <p>To create a scheduled action or update an existing one, see <a>PutScheduledAction</a>. If you are no longer using a scheduled action, you can delete it using <a>DeleteScheduledAction</a>.</p>",
    "PutScalingPolicy": "<p>Creates or updates a policy for an Application Auto Scaling scalable target.</p> <p>Each scalable target is identified by a service namespace, resource ID, and scalable dimension. A scaling policy applies to the scalable target identified by those three attributes. You cannot create a scaling policy until you register the scalable target using <a>RegisterScalableTarget</a>.</p> <p>To update a policy, specify its policy name and the parameters that you want to change. Any parameters that you don't specify are not changed by this update request.</p> <p>You can view the scaling policies for a service namespace using <a>DescribeScalingPolicies</a>. If you are no longer using a scaling policy, you can delete it using <a>DeleteScalingPolicy</a>.</p>",
    "PutScheduledAction": "<p>Creates or updates a scheduled action for an Application Auto Scaling scalable target.</p> <p>Each scalable target is identified by a service namespace, resource ID, and scalable dimension. A scheduled action applies to the scalable target identified by those three attributes. You cannot create a scheduled action until you register the scalable target using <a>RegisterScalableTarget</a>.</p> <p>To update an action, specify its name and the parameters that you want to change. If you don't specify start and end times, the old values are deleted. Any other parameters that you don't specify are not changed by this update request.</p> <p>You can view the scheduled actions using <a>DescribeScheduledActions</a>. If you are no longer using a scheduled action, you can delete it using <a>DeleteScheduledAction</a>.</p>",
    "RegisterScalableTarget": "<p>Registers or updates a scalable target. A scalable target is a resource that Application Auto Scaling can scale out or scale in. After you have registered a scalable target, you can use this operation to update the minimum and maximum values for its scalable dimension.</p> <p>After you register a scalable target, you can create and apply scaling policies using <a>PutScalingPolicy</a>. You can view the scaling policies for a service namespace using <a>DescribeScalableTargets</a>. If you no longer need a scalable target, you can deregister it using <a>DeregisterScalableTarget</a>.</p>"
  },
  "shapes": {
    "AdjustmentType": {
      "base": null,
      "refs": {
        "StepScalingPolicyConfiguration$AdjustmentType": "<p>The adjustment type, which specifies how the <code>ScalingAdjustment</code> parameter in a <a>StepAdjustment</a> is interpreted.</p>"
      }
    },
    "Alarm": {
      "base": "<p>Represents a CloudWatch alarm associated with a scaling policy.</p>",
      "refs": {
        "Alarms$member": null
      }
    },
    "Alarms": {
      "base": null,
      "refs": {
        "PutScalingPolicyResponse$Alarms": "<p>The CloudWatch alarms created for the target tracking policy.</p>",
        "ScalingPolicy$Alarms": "<p>The CloudWatch alarms associated with the scaling policy.</p>"
      }
    },
    "ConcurrentUpdateException": {
      "base": "<p>Concurrent updates caused an exception, for example, if you request an update to an Application Auto Scaling resource that already has a pending update.</p>",
      "refs": {
      }
    },
    "Cooldown": {
      "base": null,
      "refs": {
        "StepScalingPolicyConfiguration$Cooldown": "<p>The amount of time, in seconds, after a scaling activity completes where previous trigger-related scaling activities can influence future scaling events.</p> <p>For scale out policies, while the cooldown period is in effect, the capacity that has been added by the previous scale out event that initiated the cooldown is calculated as part of the desired capacity for the next scale out. The intention is to continuously (but not excessively) scale out. For example, an alarm triggers a step scaling policy to scale out an Amazon ECS service by 2 tasks, the scaling activity completes successfully, and a cooldown period of 5 minutes starts. During the Cooldown period, if the alarm triggers the same policy again but at a more aggressive step adjustment to scale out the service by 3 tasks, the 2 tasks that were added in the previous scale out event are considered part of that capacity and only 1 additional task is added to the desired count.</p> <p>For scale in policies, the cooldown period is used to block subsequent scale in requests until it has expired. The intention is to scale in conservatively to protect your application's availability. However, if another alarm triggers a scale out policy during the cooldown period after a scale-in, Application Auto Scaling scales out your scalable target immediately.</p>",
        "TargetTrackingScalingPolicyConfiguration$ScaleOutCooldown": "<p>The amount of time, in seconds, after a scale out activity completes before another scale out activity can start.</p> <p>While the cooldown period is in effect, the capacity that has been added by the previous scale out event that initiated the cooldown is calculated as part of the desired capacity for the next scale out. The intention is to continuously (but not excessively) scale out.</p>",
        "TargetTrackingScalingPolicyConfiguration$ScaleInCooldown": "<p>The amount of time, in seconds, after a scale in activity completes before another scale in activity can start.</p> <p>The cooldown period is used to block subsequent scale in requests until it has expired. The intention is to scale in conservatively to protect your application's availability. However, if another alarm triggers a scale out policy during the cooldown period after a scale-in, Application Auto Scaling scales out your scalable target immediately.</p>"
      }
    },
    "CustomizedMetricSpecification": {
      "base": "<p>Configures a customized metric for a target tracking policy.</p>",
      "refs": {
        "TargetTrackingScalingPolicyConfiguration$CustomizedMetricSpecification": "<p>A customized metric.</p>"
      }
    },
    "DeleteScalingPolicyRequest": {
      "base": null,
      "refs": {
      }
    },
    "DeleteScalingPolicyResponse": {
      "base": null,
      "refs": {
      }
    },
    "DeleteScheduledActionRequest": {
      "base": null,
      "refs": {
      }
    },
    "DeleteScheduledActionResponse": {
      "base": null,
      "refs": {
      }
    },
    "DeregisterScalableTargetRequest": {
      "base": null,
      "refs": {
      }
    },
    "DeregisterScalableTargetResponse": {
      "base": null,
      "refs": {
      }
    },
    "DescribeScalableTargetsRequest": {
      "base": null,
      "refs": {
      }
    },
    "DescribeScalableTargetsResponse": {
      "base": null,
      "refs": {
      }
    },
    "DescribeScalingActivitiesRequest": {
      "base": null,
      "refs": {
      }
    },
    "DescribeScalingActivitiesResponse": {
      "base": null,
      "refs": {
      }
    },
    "DescribeScalingPoliciesRequest": {
      "base": null,
      "refs": {
      }
    },
    "DescribeScalingPoliciesResponse": {
      "base": null,
      "refs": {
      }
    },
    "DescribeScheduledActionsRequest": {
      "base": null,
      "refs": {
      }
    },
    "DescribeScheduledActionsResponse": {
      "base": null,
      "refs": {
      }
    },
    "DisableScaleIn": {
      "base": null,
      "refs": {
        "TargetTrackingScalingPolicyConfiguration$DisableScaleIn": "<p>Indicates whether scale in by the target tracking policy is disabled. If the value is <code>true</code>, scale in is disabled and the target tracking policy won't remove capacity from the scalable resource. Otherwise, scale in is enabled and the target tracking policy can remove capacity from the scalable resource. The default value is <code>false</code>.</p>"
      }
    },
    "ErrorMessage": {
      "base": null,
      "refs": {
        "ConcurrentUpdateException$Message": null,
        "FailedResourceAccessException$Message": null,
        "InternalServiceException$Message": null,
        "InvalidNextTokenException$Message": null,
        "LimitExceededException$Message": null,
        "ObjectNotFoundException$Message": null,
        "ValidationException$Message": null
      }
    },
    "FailedResourceAccessException": {
      "base": "<p>Failed access to resources caused an exception. This exception is thrown when Application Auto Scaling is unable to retrieve the alarms associated with a scaling policy due to a client error, for example, if the role ARN specified for a scalable target does not have permission to call the CloudWatch <a href=\"http://docs.aws.amazon.com/AmazonCloudWatch/latest/APIReference/API_DescribeAlarms.html\">DescribeAlarms</a> on your behalf.</p>",
      "refs": {
      }
    },
    "InternalServiceException": {
      "base": "<p>The service encountered an internal error.</p>",
      "refs": {
      }
    },
    "InvalidNextTokenException": {
      "base": "<p>The next token supplied was invalid.</p>",
      "refs": {
      }
    },
    "LimitExceededException": {
      "base": "<p>A per-account resource limit is exceeded. For more information, see <a href=\"http://docs.aws.amazon.com/ApplicationAutoScaling/latest/userguide/application-auto-scaling-limits.html\">Application Auto Scaling Limits</a>.</p>",
      "refs": {
      }
    },
    "MaxResults": {
      "base": null,
      "refs": {
        "DescribeScalableTargetsRequest$MaxResults": "<p>The maximum number of scalable targets. This value can be between 1 and 50. The default value is 50.</p> <p>If this parameter is used, the operation returns up to <code>MaxResults</code> results at a time, along with a <code>NextToken</code> value. To get the next set of results, include the <code>NextToken</code> value in a subsequent call. If this parameter is not used, the operation returns up to 50 results and a <code>NextToken</code> value, if applicable.</p>",
        "DescribeScalingActivitiesRequest$MaxResults": "<p>The maximum number of scalable targets. This value can be between 1 and 50. The default value is 50.</p> <p>If this parameter is used, the operation returns up to <code>MaxResults</code> results at a time, along with a <code>NextToken</code> value. To get the next set of results, include the <code>NextToken</code> value in a subsequent call. If this parameter is not used, the operation returns up to 50 results and a <code>NextToken</code> value, if applicable.</p>",
        "DescribeScalingPoliciesRequest$MaxResults": "<p>The maximum number of scalable targets. This value can be between 1 and 50. The default value is 50.</p> <p>If this parameter is used, the operation returns up to <code>MaxResults</code> results at a time, along with a <code>NextToken</code> value. To get the next set of results, include the <code>NextToken</code> value in a subsequent call. If this parameter is not used, the operation returns up to 50 results and a <code>NextToken</code> value, if applicable.</p>",
        "DescribeScheduledActionsRequest$MaxResults": "<p>The maximum number of scheduled action results. This value can be between 1 and 50. The default value is 50.</p> <p>If this parameter is used, the operation returns up to <code>MaxResults</code> results at a time, along with a <code>NextToken</code> value. To get the next set of results, include the <code>NextToken</code> value in a subsequent call. If this parameter is not used, the operation returns up to 50 results and a <code>NextToken</code> value, if applicable.</p>"
      }
    },
    "MetricAggregationType": {
      "base": null,
      "refs": {
        "StepScalingPolicyConfiguration$MetricAggregationType": "<p>The aggregation type for the CloudWatch metrics. Valid values are <code>Minimum</code>, <code>Maximum</code>, and <code>Average</code>.</p>"
      }
    },
    "MetricDimension": {
      "base": "<p>Describes the dimension of a metric.</p>",
      "refs": {
        "MetricDimensions$member": null
      }
    },
    "MetricDimensionName": {
      "base": null,
      "refs": {
        "MetricDimension$Name": "<p>The name of the dimension.</p>"
      }
    },
    "MetricDimensionValue": {
      "base": null,
      "refs": {
        "MetricDimension$Value": "<p>The value of the dimension.</p>"
      }
    },
    "MetricDimensions": {
      "base": null,
      "refs": {
        "CustomizedMetricSpecification$Dimensions": "<p>The dimensions of the metric.</p>"
      }
    },
    "MetricName": {
      "base": null,
      "refs": {
        "CustomizedMetricSpecification$MetricName": "<p>The name of the metric.</p>"
      }
    },
    "MetricNamespace": {
      "base": null,
      "refs": {
        "CustomizedMetricSpecification$Namespace": "<p>The namespace of the metric.</p>"
      }
    },
    "MetricScale": {
      "base": null,
      "refs": {
        "StepAdjustment$MetricIntervalLowerBound": "<p>The lower bound for the difference between the alarm threshold and the CloudWatch metric. If the metric value is above the breach threshold, the lower bound is inclusive (the metric must be greater than or equal to the threshold plus the lower bound). Otherwise, it is exclusive (the metric must be greater than the threshold plus the lower bound). A null value indicates negative infinity.</p>",
        "StepAdjustment$MetricIntervalUpperBound": "<p>The upper bound for the difference between the alarm threshold and the CloudWatch metric. If the metric value is above the breach threshold, the upper bound is exclusive (the metric must be less than the threshold plus the upper bound). Otherwise, it is inclusive (the metric must be less than or equal to the threshold plus the upper bound). A null value indicates positive infinity.</p> <p>The upper bound must be greater than the lower bound.</p>",
        "TargetTrackingScalingPolicyConfiguration$TargetValue": "<p>The target value for the metric. The range is 8.515920e-109 to 1.174271e+108 (Base 10) or 2e-360 to 2e360 (Base 2).</p>"
      }
    },
    "MetricStatistic": {
      "base": null,
      "refs": {
        "CustomizedMetricSpecification$Statistic": "<p>The statistic of the metric.</p>"
      }
    },
    "MetricType": {
      "base": null,
      "refs": {
        "PredefinedMetricSpecification$PredefinedMetricType": "<p>The metric type. The <code>ALBRequestCountPerTarget</code> metric type applies only to Spot fleet requests and ECS services.</p>"
      }
    },
    "MetricUnit": {
      "base": null,
      "refs": {
        "CustomizedMetricSpecification$Unit": "<p>The unit of the metric.</p>"
      }
    },
    "MinAdjustmentMagnitude": {
      "base": null,
      "refs": {
        "StepScalingPolicyConfiguration$MinAdjustmentMagnitude": "<p>The minimum number to adjust your scalable dimension as a result of a scaling activity. If the adjustment type is <code>PercentChangeInCapacity</code>, the scaling policy changes the scalable dimension of the scalable target by this amount.</p>"
      }
    },
    "ObjectNotFoundException": {
      "base": "<p>The specified object could not be found. For any operation that depends on the existence of a scalable target, this exception is thrown if the scalable target with the specified service namespace, resource ID, and scalable dimension does not exist. For any operation that deletes or deregisters a resource, this exception is thrown if the resource cannot be found.</p>",
      "refs": {
      }
    },
    "PolicyName": {
      "base": null,
      "refs": {
        "PutScalingPolicyRequest$PolicyName": "<p>The name of the scaling policy.</p>",
        "ScalingPolicy$PolicyName": "<p>The name of the scaling policy.</p>"
      }
    },
    "PolicyType": {
      "base": null,
      "refs": {
        "PutScalingPolicyRequest$PolicyType": "<p>The policy type. This parameter is required if you are creating a policy.</p> <p>For DynamoDB, only <code>TargetTrackingScaling</code> is supported. For Amazon ECS, Spot Fleet, and Amazon RDS, both <code>StepScaling</code> and <code>TargetTrackingScaling</code> are supported. For any other service, only <code>StepScaling</code> is supported.</p>",
        "ScalingPolicy$PolicyType": "<p>The scaling policy type.</p>"
      }
    },
    "PredefinedMetricSpecification": {
      "base": "<p>Configures a predefined metric for a target tracking policy.</p>",
      "refs": {
        "TargetTrackingScalingPolicyConfiguration$PredefinedMetricSpecification": "<p>A predefined metric.</p>"
      }
    },
    "PutScalingPolicyRequest": {
      "base": null,
      "refs": {
      }
    },
    "PutScalingPolicyResponse": {
      "base": null,
      "refs": {
      }
    },
    "PutScheduledActionRequest": {
      "base": null,
      "refs": {
      }
    },
    "PutScheduledActionResponse": {
      "base": null,
      "refs": {
      }
    },
    "RegisterScalableTargetRequest": {
      "base": null,
      "refs": {
      }
    },
    "RegisterScalableTargetResponse": {
      "base": null,
      "refs": {
      }
    },
    "ResourceCapacity": {
      "base": null,
      "refs": {
        "RegisterScalableTargetRequest$MinCapacity": "<p>The minimum value to scale to in response to a scale in event. This parameter is required if you are registering a scalable target.</p>",
        "RegisterScalableTargetRequest$MaxCapacity": "<p>The maximum value to scale to in response to a scale out event. This parameter is required if you are registering a scalable target.</p>",
        "ScalableTarget$MinCapacity": "<p>The minimum value to scale to in response to a scale in event.</p>",
        "ScalableTarget$MaxCapacity": "<p>The maximum value to scale to in response to a scale out event.</p>",
        "ScalableTargetAction$MinCapacity": "<p>The minimum capacity.</p>",
        "ScalableTargetAction$MaxCapacity": "<p>The maximum capacity.</p>"
      }
    },
    "ResourceId": {
      "base": null,
      "refs": {
        "Alarm$AlarmName": "<p>The name of the alarm.</p>",
        "Alarm$AlarmARN": "<p>The Amazon Resource Name (ARN) of the alarm.</p>",
        "ScalingActivity$ActivityId": "<p>The unique identifier of the scaling activity.</p>"
      }
    },
    "ResourceIdMaxLen1600": {
      "base": null,
      "refs": {
        "DeleteScalingPolicyRequest$PolicyName": "<p>The name of the scaling policy.</p>",
        "DeleteScalingPolicyRequest$ResourceId": "<p>The identifier of the resource associated with the scalable target. This string consists of the resource type and unique identifier.</p> <ul> <li> <p>ECS service - The resource type is <code>service</code> and the unique identifier is the cluster name and service name. Example: <code>service/default/sample-webapp</code>.</p> </li> <li> <p>Spot fleet request - The resource type is <code>spot-fleet-request</code> and the unique identifier is the Spot fleet request ID. Example: <code>spot-fleet-request/sfr-73fbd2ce-aa30-494c-8788-1cee4EXAMPLE</code>.</p> </li> <li> <p>EMR cluster - The resource type is <code>instancegroup</code> and the unique identifier is the cluster ID and instance group ID. Example: <code>instancegroup/j-2EEZNYKUA1NTV/ig-1791Y4E1L8YI0</code>.</p> </li> <li> <p>AppStream 2.0 fleet - The resource type is <code>fleet</code> and the unique identifier is the fleet name. Example: <code>fleet/sample-fleet</code>.</p> </li> <li> <p>DynamoDB table - The resource type is <code>table</code> and the unique identifier is the resource ID. Example: <code>table/my-table</code>.</p> </li> <li> <p>DynamoDB global secondary index - The resource type is <code>index</code> and the unique identifier is the resource ID. Example: <code>table/my-table/index/my-table-index</code>.</p> </li> <li> <p>Aurora DB cluster - The resource type is <code>cluster</code> and the unique identifier is the cluster name. Example: <code>cluster:my-db-cluster</code>.</p> </li> <li> <p>Amazon SageMaker endpoint variants - The resource type is <code>variant</code> and the unique identifier is the resource ID. Example: <code>endpoint/my-end-point/variant/KMeansClustering</code>.</p> </li> <li> <p>Custom resources are not supported with a resource type. This parameter must specify the <code>OutputValue</code> from the CloudFormation template stack used to access the resources. The unique identifier is defined by the service provider.</p> </li> </ul>",
        "DeleteScheduledActionRequest$ScheduledActionName": "<p>The name of the scheduled action.</p>",
        "DeleteScheduledActionRequest$ResourceId": "<p>The identifier of the resource associated with the scheduled action. This string consists of the resource type and unique identifier.</p> <ul> <li> <p>ECS service - The resource type is <code>service</code> and the unique identifier is the cluster name and service name. Example: <code>service/default/sample-webapp</code>.</p> </li> <li> <p>Spot fleet request - The resource type is <code>spot-fleet-request</code> and the unique identifier is the Spot fleet request ID. Example: <code>spot-fleet-request/sfr-73fbd2ce-aa30-494c-8788-1cee4EXAMPLE</code>.</p> </li> <li> <p>EMR cluster - The resource type is <code>instancegroup</code> and the unique identifier is the cluster ID and instance group ID. Example: <code>instancegroup/j-2EEZNYKUA1NTV/ig-1791Y4E1L8YI0</code>.</p> </li> <li> <p>AppStream 2.0 fleet - The resource type is <code>fleet</code> and the unique identifier is the fleet name. Example: <code>fleet/sample-fleet</code>.</p> </li> <li> <p>DynamoDB table - The resource type is <code>table</code> and the unique identifier is the resource ID. Example: <code>table/my-table</code>.</p> </li> <li> <p>DynamoDB global secondary index - The resource type is <code>index</code> and the unique identifier is the resource ID. Example: <code>table/my-table/index/my-table-index</code>.</p> </li> <li> <p>Aurora DB cluster - The resource type is <code>cluster</code> and the unique identifier is the cluster name. Example: <code>cluster:my-db-cluster</code>.</p> </li> <li> <p>Amazon SageMaker endpoint variants - The resource type is <code>variant</code> and the unique identifier is the resource ID. Example: <code>endpoint/my-end-point/variant/KMeansClustering</code>.</p> </li> <li> <p>Custom resources are not supported with a resource type. This parameter must specify the <code>OutputValue</code> from the CloudFormation template stack used to access the resources. The unique identifier is defined by the service provider.</p> </li> </ul>",
        "DeregisterScalableTargetRequest$ResourceId": "<p>The identifier of the resource associated with the scalable target. This string consists of the resource type and unique identifier.</p> <ul> <li> <p>ECS service - The resource type is <code>service</code> and the unique identifier is the cluster name and service name. Example: <code>service/default/sample-webapp</code>.</p> </li> <li> <p>Spot fleet request - The resource type is <code>spot-fleet-request</code> and the unique identifier is the Spot fleet request ID. Example: <code>spot-fleet-request/sfr-73fbd2ce-aa30-494c-8788-1cee4EXAMPLE</code>.</p> </li> <li> <p>EMR cluster - The resource type is <code>instancegroup</code> and the unique identifier is the cluster ID and instance group ID. Example: <code>instancegroup/j-2EEZNYKUA1NTV/ig-1791Y4E1L8YI0</code>.</p> </li> <li> <p>AppStream 2.0 fleet - The resource type is <code>fleet</code> and the unique identifier is the fleet name. Example: <code>fleet/sample-fleet</code>.</p> </li> <li> <p>DynamoDB table - The resource type is <code>table</code> and the unique identifier is the resource ID. Example: <code>table/my-table</code>.</p> </li> <li> <p>DynamoDB global secondary index - The resource type is <code>index</code> and the unique identifier is the resource ID. Example: <code>table/my-table/index/my-table-index</code>.</p> </li> <li> <p>Aurora DB cluster - The resource type is <code>cluster</code> and the unique identifier is the cluster name. Example: <code>cluster:my-db-cluster</code>.</p> </li> <li> <p>Amazon SageMaker endpoint variants - The resource type is <code>variant</code> and the unique identifier is the resource ID. Example: <code>endpoint/my-end-point/variant/KMeansClustering</code>.</p> </li> <li> <p>Custom resources are not supported with a resource type. This parameter must specify the <code>OutputValue</code> from the CloudFormation template stack used to access the resources. The unique identifier is defined by the service provider.</p> </li> </ul>",
        "DescribeScalingActivitiesRequest$ResourceId": "<p>The identifier of the resource associated with the scaling activity. This string consists of the resource type and unique identifier. If you specify a scalable dimension, you must also specify a resource ID.</p> <ul> <li> <p>ECS service - The resource type is <code>service</code> and the unique identifier is the cluster name and service name. Example: <code>service/default/sample-webapp</code>.</p> </li> <li> <p>Spot fleet request - The resource type is <code>spot-fleet-request</code> and the unique identifier is the Spot fleet request ID. Example: <code>spot-fleet-request/sfr-73fbd2ce-aa30-494c-8788-1cee4EXAMPLE</code>.</p> </li> <li> <p>EMR cluster - The resource type is <code>instancegroup</code> and the unique identifier is the cluster ID and instance group ID. Example: <code>instancegroup/j-2EEZNYKUA1NTV/ig-1791Y4E1L8YI0</code>.</p> </li> <li> <p>AppStream 2.0 fleet - The resource type is <code>fleet</code> and the unique identifier is the fleet name. Example: <code>fleet/sample-fleet</code>.</p> </li> <li> <p>DynamoDB table - The resource type is <code>table</code> and the unique identifier is the resource ID. Example: <code>table/my-table</code>.</p> </li> <li> <p>DynamoDB global secondary index - The resource type is <code>index</code> and the unique identifier is the resource ID. Example: <code>table/my-table/index/my-table-index</code>.</p> </li> <li> <p>Aurora DB cluster - The resource type is <code>cluster</code> and the unique identifier is the cluster name. Example: <code>cluster:my-db-cluster</code>.</p> </li> <li> <p>Amazon SageMaker endpoint variants - The resource type is <code>variant</code> and the unique identifier is the resource ID. Example: <code>endpoint/my-end-point/variant/KMeansClustering</code>.</p> </li> <li> <p>Custom resources are not supported with a resource type. This parameter must specify the <code>OutputValue</code> from the CloudFormation template stack used to access the resources. The unique identifier is defined by the service provider.</p> </li> </ul>",
        "DescribeScalingPoliciesRequest$ResourceId": "<p>The identifier of the resource associated with the scaling policy. This string consists of the resource type and unique identifier. If you specify a scalable dimension, you must also specify a resource ID.</p> <ul> <li> <p>ECS service - The resource type is <code>service</code> and the unique identifier is the cluster name and service name. Example: <code>service/default/sample-webapp</code>.</p> </li> <li> <p>Spot fleet request - The resource type is <code>spot-fleet-request</code> and the unique identifier is the Spot fleet request ID. Example: <code>spot-fleet-request/sfr-73fbd2ce-aa30-494c-8788-1cee4EXAMPLE</code>.</p> </li> <li> <p>EMR cluster - The resource type is <code>instancegroup</code> and the unique identifier is the cluster ID and instance group ID. Example: <code>instancegroup/j-2EEZNYKUA1NTV/ig-1791Y4E1L8YI0</code>.</p> </li> <li> <p>AppStream 2.0 fleet - The resource type is <code>fleet</code> and the unique identifier is the fleet name. Example: <code>fleet/sample-fleet</code>.</p> </li> <li> <p>DynamoDB table - The resource type is <code>table</code> and the unique identifier is the resource ID. Example: <code>table/my-table</code>.</p> </li> <li> <p>DynamoDB global secondary index - The resource type is <code>index</code> and the unique identifier is the resource ID. Example: <code>table/my-table/index/my-table-index</code>.</p> </li> <li> <p>Aurora DB cluster - The resource type is <code>cluster</code> and the unique identifier is the cluster name. Example: <code>cluster:my-db-cluster</code>.</p> </li> <li> <p>Amazon SageMaker endpoint variants - The resource type is <code>variant</code> and the unique identifier is the resource ID. Example: <code>endpoint/my-end-point/variant/KMeansClustering</code>.</p> </li> <li> <p>Custom resources are not supported with a resource type. This parameter must specify the <code>OutputValue</code> from the CloudFormation template stack used to access the resources. The unique identifier is defined by the service provider.</p> </li> </ul>",
        "DescribeScheduledActionsRequest$ResourceId": "<p>The identifier of the resource associated with the scheduled action. This string consists of the resource type and unique identifier. If you specify a scalable dimension, you must also specify a resource ID.</p> <ul> <li> <p>ECS service - The resource type is <code>service</code> and the unique identifier is the cluster name and service name. Example: <code>service/default/sample-webapp</code>.</p> </li> <li> <p>Spot fleet request - The resource type is <code>spot-fleet-request</code> and the unique identifier is the Spot fleet request ID. Example: <code>spot-fleet-request/sfr-73fbd2ce-aa30-494c-8788-1cee4EXAMPLE</code>.</p> </li> <li> <p>EMR cluster - The resource type is <code>instancegroup</code> and the unique identifier is the cluster ID and instance group ID. Example: <code>instancegroup/j-2EEZNYKUA1NTV/ig-1791Y4E1L8YI0</code>.</p> </li> <li> <p>AppStream 2.0 fleet - The resource type is <code>fleet</code> and the unique identifier is the fleet name. Example: <code>fleet/sample-fleet</code>.</p> </li> <li> <p>DynamoDB table - The resource type is <code>table</code> and the unique identifier is the resource ID. Example: <code>table/my-table</code>.</p> </li> <li> <p>DynamoDB global secondary index - The resource type is <code>index</code> and the unique identifier is the resource ID. Example: <code>table/my-table/index/my-table-index</code>.</p> </li> <li> <p>Aurora DB cluster - The resource type is <code>cluster</code> and the unique identifier is the cluster name. Example: <code>cluster:my-db-cluster</code>.</p> </li> <li> <p>Amazon SageMaker endpoint variants - The resource type is <code>variant</code> and the unique identifier is the resource ID. Example: <code>endpoint/my-end-point/variant/KMeansClustering</code>.</p> </li> <li> <p>Custom resources are not supported with a resource type. This parameter must specify the <code>OutputValue</code> from the CloudFormation template stack used to access the resources. The unique identifier is defined by the service provider.</p> </li> </ul>",
        "PutScalingPolicyRequest$ResourceId": "<p>The identifier of the resource associated with the scaling policy. This string consists of the resource type and unique identifier.</p> <ul> <li> <p>ECS service - The resource type is <code>service</code> and the unique identifier is the cluster name and service name. Example: <code>service/default/sample-webapp</code>.</p> </li> <li> <p>Spot fleet request - The resource type is <code>spot-fleet-request</code> and the unique identifier is the Spot fleet request ID. Example: <code>spot-fleet-request/sfr-73fbd2ce-aa30-494c-8788-1cee4EXAMPLE</code>.</p> </li> <li> <p>EMR cluster - The resource type is <code>instancegroup</code> and the unique identifier is the cluster ID and instance group ID. Example: <code>instancegroup/j-2EEZNYKUA1NTV/ig-1791Y4E1L8YI0</code>.</p> </li> <li> <p>AppStream 2.0 fleet - The resource type is <code>fleet</code> and the unique identifier is the fleet name. Example: <code>fleet/sample-fleet</code>.</p> </li> <li> <p>DynamoDB table - The resource type is <code>table</code> and the unique identifier is the resource ID. Example: <code>table/my-table</code>.</p> </li> <li> <p>DynamoDB global secondary index - The resource type is <code>index</code> and the unique identifier is the resource ID. Example: <code>table/my-table/index/my-table-index</code>.</p> </li> <li> <p>Aurora DB cluster - The resource type is <code>cluster</code> and the unique identifier is the cluster name. Example: <code>cluster:my-db-cluster</code>.</p> </li> <li> <p>Amazon SageMaker endpoint variants - The resource type is <code>variant</code> and the unique identifier is the resource ID. Example: <code>endpoint/my-end-point/variant/KMeansClustering</code>.</p> </li> <li> <p>Custom resources are not supported with a resource type. This parameter must specify the <code>OutputValue</code> from the CloudFormation template stack used to access the resources. The unique identifier is defined by the service provider.</p> </li> </ul>",
        "PutScalingPolicyResponse$PolicyARN": "<p>The Amazon Resource Name (ARN) of the resulting scaling policy.</p>",
        "PutScheduledActionRequest$Schedule": "<p>The schedule for this action. The following formats are supported:</p> <ul> <li> <p>At expressions - <code>at(<i>yyyy</i>-<i>mm</i>-<i>dd</i>T<i>hh</i>:<i>mm</i>:<i>ss</i>)</code> </p> </li> <li> <p>Rate expressions - <code>rate(<i>value</i> <i>unit</i>)</code> </p> </li> <li> <p>Cron expressions - <code>cron(<i>fields</i>)</code> </p> </li> </ul> <p>At expressions are useful for one-time schedules. Specify the time, in UTC.</p> <p>For rate expressions, <i>value</i> is a positive integer and <i>unit</i> is <code>minute</code> | <code>minutes</code> | <code>hour</code> | <code>hours</code> | <code>day</code> | <code>days</code>.</p> <p>For more information about cron expressions, see <a href=\"http://docs.aws.amazon.com/AmazonCloudWatch/latest/events/ScheduledEvents.html#CronExpressions\">Cron Expressions</a> in the <i>Amazon CloudWatch Events User Guide</i>.</p>",
        "PutScheduledActionRequest$ResourceId": "<p>The identifier of the resource associated with the scheduled action. This string consists of the resource type and unique identifier.</p> <ul> <li> <p>ECS service - The resource type is <code>service</code> and the unique identifier is the cluster name and service name. Example: <code>service/default/sample-webapp</code>.</p> </li> <li> <p>Spot fleet request - The resource type is <code>spot-fleet-request</code> and the unique identifier is the Spot fleet request ID. Example: <code>spot-fleet-request/sfr-73fbd2ce-aa30-494c-8788-1cee4EXAMPLE</code>.</p> </li> <li> <p>EMR cluster - The resource type is <code>instancegroup</code> and the unique identifier is the cluster ID and instance group ID. Example: <code>instancegroup/j-2EEZNYKUA1NTV/ig-1791Y4E1L8YI0</code>.</p> </li> <li> <p>AppStream 2.0 fleet - The resource type is <code>fleet</code> and the unique identifier is the fleet name. Example: <code>fleet/sample-fleet</code>.</p> </li> <li> <p>DynamoDB table - The resource type is <code>table</code> and the unique identifier is the resource ID. Example: <code>table/my-table</code>.</p> </li> <li> <p>DynamoDB global secondary index - The resource type is <code>index</code> and the unique identifier is the resource ID. Example: <code>table/my-table/index/my-table-index</code>.</p> </li> <li> <p>Aurora DB cluster - The resource type is <code>cluster</code> and the unique identifier is the cluster name. Example: <code>cluster:my-db-cluster</code>.</p> </li> <li> <p>Amazon SageMaker endpoint variants - The resource type is <code>variant</code> and the unique identifier is the resource ID. Example: <code>endpoint/my-end-point/variant/KMeansClustering</code>.</p> </li> <li> <p>Custom resources are not supported with a resource type. This parameter must specify the <code>OutputValue</code> from the CloudFormation template stack used to access the resources. The unique identifier is defined by the service provider.</p> </li> </ul>",
        "RegisterScalableTargetRequest$ResourceId": "<p>The identifier of the resource associated with the scalable target. This string consists of the resource type and unique identifier.</p> <ul> <li> <p>ECS service - The resource type is <code>service</code> and the unique identifier is the cluster name and service name. Example: <code>service/default/sample-webapp</code>.</p> </li> <li> <p>Spot fleet request - The resource type is <code>spot-fleet-request</code> and the unique identifier is the Spot fleet request ID. Example: <code>spot-fleet-request/sfr-73fbd2ce-aa30-494c-8788-1cee4EXAMPLE</code>.</p> </li> <li> <p>EMR cluster - The resource type is <code>instancegroup</code> and the unique identifier is the cluster ID and instance group ID. Example: <code>instancegroup/j-2EEZNYKUA1NTV/ig-1791Y4E1L8YI0</code>.</p> </li> <li> <p>AppStream 2.0 fleet - The resource type is <code>fleet</code> and the unique identifier is the fleet name. Example: <code>fleet/sample-fleet</code>.</p> </li> <li> <p>DynamoDB table - The resource type is <code>table</code> and the unique identifier is the resource ID. Example: <code>table/my-table</code>.</p> </li> <li> <p>DynamoDB global secondary index - The resource type is <code>index</code> and the unique identifier is the resource ID. Example: <code>table/my-table/index/my-table-index</code>.</p> </li> <li> <p>Aurora DB cluster - The resource type is <code>cluster</code> and the unique identifier is the cluster name. Example: <code>cluster:my-db-cluster</code>.</p> </li> <li> <p>Amazon SageMaker endpoint variants - The resource type is <code>variant</code> and the unique identifier is the resource ID. Example: <code>endpoint/my-end-point/variant/KMeansClustering</code>.</p> </li> <li> <p>Custom resources are not supported with a resource type. This parameter must specify the <code>OutputValue</code> from the CloudFormation template stack used to access the resources. The unique identifier is defined by the service provider.</p> </li> </ul>",
        "RegisterScalableTargetRequest$RoleARN": "<p>Application Auto Scaling creates a service-linked role that grants it permissions to modify the scalable target on your behalf. For more information, see <a href=\"http://docs.aws.amazon.com/autoscaling/application/userguide/application-autoscaling-service-linked-roles.html\">Service-Linked Roles for Application Auto Scaling</a>.</p> <p>For resources that are not supported using a service-linked role, this parameter is required and must specify the ARN of an IAM role that allows Application Auto Scaling to modify the scalable target on your behalf.</p>",
        "ResourceIdsMaxLen1600$member": null,
        "ScalableTarget$ResourceId": "<p>The identifier of the resource associated with the scalable target. This string consists of the resource type and unique identifier.</p> <ul> <li> <p>ECS service - The resource type is <code>service</code> and the unique identifier is the cluster name and service name. Example: <code>service/default/sample-webapp</code>.</p> </li> <li> <p>Spot fleet request - The resource type is <code>spot-fleet-request</code> and the unique identifier is the Spot fleet request ID. Example: <code>spot-fleet-request/sfr-73fbd2ce-aa30-494c-8788-1cee4EXAMPLE</code>.</p> </li> <li> <p>EMR cluster - The resource type is <code>instancegroup</code> and the unique identifier is the cluster ID and instance group ID. Example: <code>instancegroup/j-2EEZNYKUA1NTV/ig-1791Y4E1L8YI0</code>.</p> </li> <li> <p>AppStream 2.0 fleet - The resource type is <code>fleet</code> and the unique identifier is the fleet name. Example: <code>fleet/sample-fleet</code>.</p> </li> <li> <p>DynamoDB table - The resource type is <code>table</code> and the unique identifier is the resource ID. Example: <code>table/my-table</code>.</p> </li> <li> <p>DynamoDB global secondary index - The resource type is <code>index</code> and the unique identifier is the resource ID. Example: <code>table/my-table/index/my-table-index</code>.</p> </li> <li> <p>Aurora DB cluster - The resource type is <code>cluster</code> and the unique identifier is the cluster name. Example: <code>cluster:my-db-cluster</code>.</p> </li> <li> <p>Amazon SageMaker endpoint variants - The resource type is <code>variant</code> and the unique identifier is the resource ID. Example: <code>endpoint/my-end-point/variant/KMeansClustering</code>.</p> </li> <li> <p>Custom resources are not supported with a resource type. This parameter must specify the <code>OutputValue</code> from the CloudFormation template stack used to access the resources. The unique identifier is defined by the service provider.</p> </li> </ul>",
        "ScalableTarget$RoleARN": "<p>The ARN of an IAM role that allows Application Auto Scaling to modify the scalable target on your behalf.</p>",
        "ScalingActivity$ResourceId": "<p>The identifier of the resource associated with the scaling activity. This string consists of the resource type and unique identifier.</p> <ul> <li> <p>ECS service - The resource type is <code>service</code> and the unique identifier is the cluster name and service name. Example: <code>service/default/sample-webapp</code>.</p> </li> <li> <p>Spot fleet request - The resource type is <code>spot-fleet-request</code> and the unique identifier is the Spot fleet request ID. Example: <code>spot-fleet-request/sfr-73fbd2ce-aa30-494c-8788-1cee4EXAMPLE</code>.</p> </li> <li> <p>EMR cluster - The resource type is <code>instancegroup</code> and the unique identifier is the cluster ID and instance group ID. Example: <code>instancegroup/j-2EEZNYKUA1NTV/ig-1791Y4E1L8YI0</code>.</p> </li> <li> <p>AppStream 2.0 fleet - The resource type is <code>fleet</code> and the unique identifier is the fleet name. Example: <code>fleet/sample-fleet</code>.</p> </li> <li> <p>DynamoDB table - The resource type is <code>table</code> and the unique identifier is the resource ID. Example: <code>table/my-table</code>.</p> </li> <li> <p>DynamoDB global secondary index - The resource type is <code>index</code> and the unique identifier is the resource ID. Example: <code>table/my-table/index/my-table-index</code>.</p> </li> <li> <p>Aurora DB cluster - The resource type is <code>cluster</code> and the unique identifier is the cluster name. Example: <code>cluster:my-db-cluster</code>.</p> </li> <li> <p>Amazon SageMaker endpoint variants - The resource type is <code>variant</code> and the unique identifier is the resource ID. Example: <code>endpoint/my-end-point/variant/KMeansClustering</code>.</p> </li> <li> <p>Custom resources are not supported with a resource type. This parameter must specify the <code>OutputValue</code> from the CloudFormation template stack used to access the resources. The unique identifier is defined by the service provider.</p> </li> </ul>",
        "ScalingPolicy$PolicyARN": "<p>The Amazon Resource Name (ARN) of the scaling policy.</p>",
        "ScalingPolicy$ResourceId": "<p>The identifier of the resource associated with the scaling policy. This string consists of the resource type and unique identifier.</p> <ul> <li> <p>ECS service - The resource type is <code>service</code> and the unique identifier is the cluster name and service name. Example: <code>service/default/sample-webapp</code>.</p> </li> <li> <p>Spot fleet request - The resource type is <code>spot-fleet-request</code> and the unique identifier is the Spot fleet request ID. Example: <code>spot-fleet-request/sfr-73fbd2ce-aa30-494c-8788-1cee4EXAMPLE</code>.</p> </li> <li> <p>EMR cluster - The resource type is <code>instancegroup</code> and the unique identifier is the cluster ID and instance group ID. Example: <code>instancegroup/j-2EEZNYKUA1NTV/ig-1791Y4E1L8YI0</code>.</p> </li> <li> <p>AppStream 2.0 fleet - The resource type is <code>fleet</code> and the unique identifier is the fleet name. Example: <code>fleet/sample-fleet</code>.</p> </li> <li> <p>DynamoDB table - The resource type is <code>table</code> and the unique identifier is the resource ID. Example: <code>table/my-table</code>.</p> </li> <li> <p>DynamoDB global secondary index - The resource type is <code>index</code> and the unique identifier is the resource ID. Example: <code>table/my-table/index/my-table-index</code>.</p> </li> <li> <p>Aurora DB cluster - The resource type is <code>cluster</code> and the unique identifier is the cluster name. Example: <code>cluster:my-db-cluster</code>.</p> </li> <li> <p>Amazon SageMaker endpoint variants - The resource type is <code>variant</code> and the unique identifier is the resource ID. Example: <code>endpoint/my-end-point/variant/KMeansClustering</code>.</p> </li> <li> <p>Custom resources are not supported with a resource type. This parameter must specify the <code>OutputValue</code> from the CloudFormation template stack used to access the resources. The unique identifier is defined by the service provider.</p> </li> </ul>",
        "ScheduledAction$ScheduledActionARN": "<p>The Amazon Resource Name (ARN) of the scheduled action.</p>",
        "ScheduledAction$Schedule": "<p>The schedule for this action. The following formats are supported:</p> <ul> <li> <p>At expressions - <code>at(<i>yyyy</i>-<i>mm</i>-<i>dd</i>T<i>hh</i>:<i>mm</i>:<i>ss</i>)</code> </p> </li> <li> <p>Rate expressions - <code>rate(<i>value</i> <i>unit</i>)</code> </p> </li> <li> <p>Cron expressions - <code>cron(<i>fields</i>)</code> </p> </li> </ul> <p>At expressions are useful for one-time schedules. Specify the time, in UTC.</p> <p>For rate expressions, <i>value</i> is a positive integer and <i>unit</i> is <code>minute</code> | <code>minutes</code> | <code>hour</code> | <code>hours</code> | <code>day</code> | <code>days</code>.</p> <p>For more information about cron expressions, see <a href=\"http://docs.aws.amazon.com/AmazonCloudWatch/latest/events/ScheduledEvents.html#CronExpressions\">Cron Expressions</a> in the <i>Amazon CloudWatch Events User Guide</i>.</p>",
        "ScheduledAction$ResourceId": "<p>The identifier of the resource associated with the scaling policy. This string consists of the resource type and unique identifier.</p> <ul> <li> <p>ECS service - The resource type is <code>service</code> and the unique identifier is the cluster name and service name. Example: <code>service/default/sample-webapp</code>.</p> </li> <li> <p>Spot fleet request - The resource type is <code>spot-fleet-request</code> and the unique identifier is the Spot fleet request ID. Example: <code>spot-fleet-request/sfr-73fbd2ce-aa30-494c-8788-1cee4EXAMPLE</code>.</p> </li> <li> <p>EMR cluster - The resource type is <code>instancegroup</code> and the unique identifier is the cluster ID and instance group ID. Example: <code>instancegroup/j-2EEZNYKUA1NTV/ig-1791Y4E1L8YI0</code>.</p> </li> <li> <p>AppStream 2.0 fleet - The resource type is <code>fleet</code> and the unique identifier is the fleet name. Example: <code>fleet/sample-fleet</code>.</p> </li> <li> <p>DynamoDB table - The resource type is <code>table</code> and the unique identifier is the resource ID. Example: <code>table/my-table</code>.</p> </li> <li> <p>DynamoDB global secondary index - The resource type is <code>index</code> and the unique identifier is the resource ID. Example: <code>table/my-table/index/my-table-index</code>.</p> </li> <li> <p>Aurora DB cluster - The resource type is <code>cluster</code> and the unique identifier is the cluster name. Example: <code>cluster:my-db-cluster</code>.</p> </li> <li> <p>Amazon SageMaker endpoint variants - The resource type is <code>variant</code> and the unique identifier is the resource ID. Example: <code>endpoint/my-end-point/variant/KMeansClustering</code>.</p> </li> <li> <p>Custom resources are not supported with a resource type. This parameter must specify the <code>OutputValue</code> from the CloudFormation template stack used to access the resources. The unique identifier is defined by the service provider.</p> </li> </ul>"
      }
    },
    "ResourceIdsMaxLen1600": {
      "base": null,
      "refs": {
        "DescribeScalableTargetsRequest$ResourceIds": "<p>The identifier of the resource associated with the scalable target. This string consists of the resource type and unique identifier. If you specify a scalable dimension, you must also specify a resource ID.</p> <ul> <li> <p>ECS service - The resource type is <code>service</code> and the unique identifier is the cluster name and service name. Example: <code>service/default/sample-webapp</code>.</p> </li> <li> <p>Spot fleet request - The resource type is <code>spot-fleet-request</code> and the unique identifier is the Spot fleet request ID. Example: <code>spot-fleet-request/sfr-73fbd2ce-aa30-494c-8788-1cee4EXAMPLE</code>.</p> </li> <li> <p>EMR cluster - The resource type is <code>instancegroup</code> and the unique identifier is the cluster ID and instance group ID. Example: <code>instancegroup/j-2EEZNYKUA1NTV/ig-1791Y4E1L8YI0</code>.</p> </li> <li> <p>AppStream 2.0 fleet - The resource type is <code>fleet</code> and the unique identifier is the fleet name. Example: <code>fleet/sample-fleet</code>.</p> </li> <li> <p>DynamoDB table - The resource type is <code>table</code> and the unique identifier is the resource ID. Example: <code>table/my-table</code>.</p> </li> <li> <p>DynamoDB global secondary index - The resource type is <code>index</code> and the unique identifier is the resource ID. Example: <code>table/my-table/index/my-table-index</code>.</p> </li> <li> <p>Aurora DB cluster - The resource type is <code>cluster</code> and the unique identifier is the cluster name. Example: <code>cluster:my-db-cluster</code>.</p> </li> <li> <p>Amazon SageMaker endpoint variants - The resource type is <code>variant</code> and the unique identifier is the resource ID. Example: <code>endpoint/my-end-point/variant/KMeansClustering</code>.</p> </li> <li> <p>Custom resources are not supported with a resource type. This parameter must specify the <code>OutputValue</code> from the CloudFormation template stack used to access the resources. The unique identifier is defined by the service provider.</p> </li> </ul>",
        "DescribeScalingPoliciesRequest$PolicyNames": "<p>The names of the scaling policies to describe.</p>",
        "DescribeScheduledActionsRequest$ScheduledActionNames": "<p>The names of the scheduled actions to describe.</p>"
      }
    },
    "ResourceLabel": {
      "base": null,
      "refs": {
        "PredefinedMetricSpecification$ResourceLabel": "<p>Identifies the resource associated with the metric type. You can't specify a resource label unless the metric type is <code>ALBRequestCountPerTarget</code> and there is a target group attached to the Spot fleet request or ECS service.</p> <p>The format is app/&lt;load-balancer-name&gt;/&lt;load-balancer-id&gt;/targetgroup/&lt;target-group-name&gt;/&lt;target-group-id&gt;, where:</p> <ul> <li> <p>app/&lt;load-balancer-name&gt;/&lt;load-balancer-id&gt; is the final portion of the load balancer ARN</p> </li> <li> <p>targetgroup/&lt;target-group-name&gt;/&lt;target-group-id&gt; is the final portion of the target group ARN.</p> </li> </ul>"
      }
    },
    "ScalableDimension": {
      "base": null,
      "refs": {
        "DeleteScalingPolicyRequest$ScalableDimension": "<p>The scalable dimension. This string consists of the service namespace, resource type, and scaling property.</p> <ul> <li> <p> <code>ecs:service:DesiredCount</code> - The desired task count of an ECS service.</p> </li> <li> <p> <code>ec2:spot-fleet-request:TargetCapacity</code> - The target capacity of a Spot fleet request.</p> </li> <li> <p> <code>elasticmapreduce:instancegroup:InstanceCount</code> - The instance count of an EMR Instance Group.</p> </li> <li> <p> <code>appstream:fleet:DesiredCapacity</code> - The desired capacity of an AppStream 2.0 fleet.</p> </li> <li> <p> <code>dynamodb:table:ReadCapacityUnits</code> - The provisioned read capacity for a DynamoDB table.</p> </li> <li> <p> <code>dynamodb:table:WriteCapacityUnits</code> - The provisioned write capacity for a DynamoDB table.</p> </li> <li> <p> <code>dynamodb:index:ReadCapacityUnits</code> - The provisioned read capacity for a DynamoDB global secondary index.</p> </li> <li> <p> <code>dynamodb:index:WriteCapacityUnits</code> - The provisioned write capacity for a DynamoDB global secondary index.</p> </li> <li> <p> <code>rds:cluster:ReadReplicaCount</code> - The count of Aurora Replicas in an Aurora DB cluster. Available for Aurora MySQL-compatible edition.</p> </li> <li> <p> <code>sagemaker:variant:DesiredInstanceCount</code> - The number of EC2 instances for an Amazon SageMaker model endpoint variant.</p> </li> <li> <p> <code>custom-resource:ResourceType:Property</code> - The scalable dimension for a custom resource provided by your own application or service.</p> </li> </ul>",
        "DeleteScheduledActionRequest$ScalableDimension": "<p>The scalable dimension. This string consists of the service namespace, resource type, and scaling property.</p> <ul> <li> <p> <code>ecs:service:DesiredCount</code> - The desired task count of an ECS service.</p> </li> <li> <p> <code>ec2:spot-fleet-request:TargetCapacity</code> - The target capacity of a Spot fleet request.</p> </li> <li> <p> <code>elasticmapreduce:instancegroup:InstanceCount</code> - The instance count of an EMR Instance Group.</p> </li> <li> <p> <code>appstream:fleet:DesiredCapacity</code> - The desired capacity of an AppStream 2.0 fleet.</p> </li> <li> <p> <code>dynamodb:table:ReadCapacityUnits</code> - The provisioned read capacity for a DynamoDB table.</p> </li> <li> <p> <code>dynamodb:table:WriteCapacityUnits</code> - The provisioned write capacity for a DynamoDB table.</p> </li> <li> <p> <code>dynamodb:index:ReadCapacityUnits</code> - The provisioned read capacity for a DynamoDB global secondary index.</p> </li> <li> <p> <code>dynamodb:index:WriteCapacityUnits</code> - The provisioned write capacity for a DynamoDB global secondary index.</p> </li> <li> <p> <code>rds:cluster:ReadReplicaCount</code> - The count of Aurora Replicas in an Aurora DB cluster. Available for Aurora MySQL-compatible edition.</p> </li> <li> <p> <code>sagemaker:variant:DesiredInstanceCount</code> - The number of EC2 instances for an Amazon SageMaker model endpoint variant.</p> </li> <li> <p> <code>custom-resource:ResourceType:Property</code> - The scalable dimension for a custom resource provided by your own application or service.</p> </li> </ul>",
        "DeregisterScalableTargetRequest$ScalableDimension": "<p>The scalable dimension associated with the scalable target. This string consists of the service namespace, resource type, and scaling property.</p> <ul> <li> <p> <code>ecs:service:DesiredCount</code> - The desired task count of an ECS service.</p> </li> <li> <p> <code>ec2:spot-fleet-request:TargetCapacity</code> - The target capacity of a Spot fleet request.</p> </li> <li> <p> <code>elasticmapreduce:instancegroup:InstanceCount</code> - The instance count of an EMR Instance Group.</p> </li> <li> <p> <code>appstream:fleet:DesiredCapacity</code> - The desired capacity of an AppStream 2.0 fleet.</p> </li> <li> <p> <code>dynamodb:table:ReadCapacityUnits</code> - The provisioned read capacity for a DynamoDB table.</p> </li> <li> <p> <code>dynamodb:table:WriteCapacityUnits</code> - The provisioned write capacity for a DynamoDB table.</p> </li> <li> <p> <code>dynamodb:index:ReadCapacityUnits</code> - The provisioned read capacity for a DynamoDB global secondary index.</p> </li> <li> <p> <code>dynamodb:index:WriteCapacityUnits</code> - The provisioned write capacity for a DynamoDB global secondary index.</p> </li> <li> <p> <code>rds:cluster:ReadReplicaCount</code> - The count of Aurora Replicas in an Aurora DB cluster. Available for Aurora MySQL-compatible edition.</p> </li> <li> <p> <code>sagemaker:variant:DesiredInstanceCount</code> - The number of EC2 instances for an Amazon SageMaker model endpoint variant.</p> </li> <li> <p> <code>custom-resource:ResourceType:Property</code> - The scalable dimension for a custom resource provided by your own application or service.</p> </li> </ul>",
        "DescribeScalableTargetsRequest$ScalableDimension": "<p>The scalable dimension associated with the scalable target. This string consists of the service namespace, resource type, and scaling property. If you specify a scalable dimension, you must also specify a resource ID.</p> <ul> <li> <p> <code>ecs:service:DesiredCount</code> - The desired task count of an ECS service.</p> </li> <li> <p> <code>ec2:spot-fleet-request:TargetCapacity</code> - The target capacity of a Spot fleet request.</p> </li> <li> <p> <code>elasticmapreduce:instancegroup:InstanceCount</code> - The instance count of an EMR Instance Group.</p> </li> <li> <p> <code>appstream:fleet:DesiredCapacity</code> - The desired capacity of an AppStream 2.0 fleet.</p> </li> <li> <p> <code>dynamodb:table:ReadCapacityUnits</code> - The provisioned read capacity for a DynamoDB table.</p> </li> <li> <p> <code>dynamodb:table:WriteCapacityUnits</code> - The provisioned write capacity for a DynamoDB table.</p> </li> <li> <p> <code>dynamodb:index:ReadCapacityUnits</code> - The provisioned read capacity for a DynamoDB global secondary index.</p> </li> <li> <p> <code>dynamodb:index:WriteCapacityUnits</code> - The provisioned write capacity for a DynamoDB global secondary index.</p> </li> <li> <p> <code>rds:cluster:ReadReplicaCount</code> - The count of Aurora Replicas in an Aurora DB cluster. Available for Aurora MySQL-compatible edition.</p> </li> <li> <p> <code>sagemaker:variant:DesiredInstanceCount</code> - The number of EC2 instances for an Amazon SageMaker model endpoint variant.</p> </li> <li> <p> <code>custom-resource:ResourceType:Property</code> - The scalable dimension for a custom resource provided by your own application or service.</p> </li> </ul>",
        "DescribeScalingActivitiesRequest$ScalableDimension": "<p>The scalable dimension. This string consists of the service namespace, resource type, and scaling property. If you specify a scalable dimension, you must also specify a resource ID.</p> <ul> <li> <p> <code>ecs:service:DesiredCount</code> - The desired task count of an ECS service.</p> </li> <li> <p> <code>ec2:spot-fleet-request:TargetCapacity</code> - The target capacity of a Spot fleet request.</p> </li> <li> <p> <code>elasticmapreduce:instancegroup:InstanceCount</code> - The instance count of an EMR Instance Group.</p> </li> <li> <p> <code>appstream:fleet:DesiredCapacity</code> - The desired capacity of an AppStream 2.0 fleet.</p> </li> <li> <p> <code>dynamodb:table:ReadCapacityUnits</code> - The provisioned read capacity for a DynamoDB table.</p> </li> <li> <p> <code>dynamodb:table:WriteCapacityUnits</code> - The provisioned write capacity for a DynamoDB table.</p> </li> <li> <p> <code>dynamodb:index:ReadCapacityUnits</code> - The provisioned read capacity for a DynamoDB global secondary index.</p> </li> <li> <p> <code>dynamodb:index:WriteCapacityUnits</code> - The provisioned write capacity for a DynamoDB global secondary index.</p> </li> <li> <p> <code>rds:cluster:ReadReplicaCount</code> - The count of Aurora Replicas in an Aurora DB cluster. Available for Aurora MySQL-compatible edition.</p> </li> <li> <p> <code>sagemaker:variant:DesiredInstanceCount</code> - The number of EC2 instances for an Amazon SageMaker model endpoint variant.</p> </li> <li> <p> <code>custom-resource:ResourceType:Property</code> - The scalable dimension for a custom resource provided by your own application or service.</p> </li> </ul>",
        "DescribeScalingPoliciesRequest$ScalableDimension": "<p>The scalable dimension. This string consists of the service namespace, resource type, and scaling property. If you specify a scalable dimension, you must also specify a resource ID.</p> <ul> <li> <p> <code>ecs:service:DesiredCount</code> - The desired task count of an ECS service.</p> </li> <li> <p> <code>ec2:spot-fleet-request:TargetCapacity</code> - The target capacity of a Spot fleet request.</p> </li> <li> <p> <code>elasticmapreduce:instancegroup:InstanceCount</code> - The instance count of an EMR Instance Group.</p> </li> <li> <p> <code>appstream:fleet:DesiredCapacity</code> - The desired capacity of an AppStream 2.0 fleet.</p> </li> <li> <p> <code>dynamodb:table:ReadCapacityUnits</code> - The provisioned read capacity for a DynamoDB table.</p> </li> <li> <p> <code>dynamodb:table:WriteCapacityUnits</code> - The provisioned write capacity for a DynamoDB table.</p> </li> <li> <p> <code>dynamodb:index:ReadCapacityUnits</code> - The provisioned read capacity for a DynamoDB global secondary index.</p> </li> <li> <p> <code>dynamodb:index:WriteCapacityUnits</code> - The provisioned write capacity for a DynamoDB global secondary index.</p> </li> <li> <p> <code>rds:cluster:ReadReplicaCount</code> - The count of Aurora Replicas in an Aurora DB cluster. Available for Aurora MySQL-compatible edition.</p> </li> <li> <p> <code>sagemaker:variant:DesiredInstanceCount</code> - The number of EC2 instances for an Amazon SageMaker model endpoint variant.</p> </li> <li> <p> <code>custom-resource:ResourceType:Property</code> - The scalable dimension for a custom resource provided by your own application or service.</p> </li> </ul>",
        "DescribeScheduledActionsRequest$ScalableDimension": "<p>The scalable dimension. This string consists of the service namespace, resource type, and scaling property. If you specify a scalable dimension, you must also specify a resource ID.</p> <ul> <li> <p> <code>ecs:service:DesiredCount</code> - The desired task count of an ECS service.</p> </li> <li> <p> <code>ec2:spot-fleet-request:TargetCapacity</code> - The target capacity of a Spot fleet request.</p> </li> <li> <p> <code>elasticmapreduce:instancegroup:InstanceCount</code> - The instance count of an EMR Instance Group.</p> </li> <li> <p> <code>appstream:fleet:DesiredCapacity</code> - The desired capacity of an AppStream 2.0 fleet.</p> </li> <li> <p> <code>dynamodb:table:ReadCapacityUnits</code> - The provisioned read capacity for a DynamoDB table.</p> </li> <li> <p> <code>dynamodb:table:WriteCapacityUnits</code> - The provisioned write capacity for a DynamoDB table.</p> </li> <li> <p> <code>dynamodb:index:ReadCapacityUnits</code> - The provisioned read capacity for a DynamoDB global secondary index.</p> </li> <li> <p> <code>dynamodb:index:WriteCapacityUnits</code> - The provisioned write capacity for a DynamoDB global secondary index.</p> </li> <li> <p> <code>rds:cluster:ReadReplicaCount</code> - The count of Aurora Replicas in an Aurora DB cluster. Available for Aurora MySQL-compatible edition.</p> </li> <li> <p> <code>sagemaker:variant:DesiredInstanceCount</code> - The number of EC2 instances for an Amazon SageMaker model endpoint variant.</p> </li> <li> <p> <code>custom-resource:ResourceType:Property</code> - The scalable dimension for a custom resource provided by your own application or service.</p> </li> </ul>",
        "PutScalingPolicyRequest$ScalableDimension": "<p>The scalable dimension. This string consists of the service namespace, resource type, and scaling property.</p> <ul> <li> <p> <code>ecs:service:DesiredCount</code> - The desired task count of an ECS service.</p> </li> <li> <p> <code>ec2:spot-fleet-request:TargetCapacity</code> - The target capacity of a Spot fleet request.</p> </li> <li> <p> <code>elasticmapreduce:instancegroup:InstanceCount</code> - The instance count of an EMR Instance Group.</p> </li> <li> <p> <code>appstream:fleet:DesiredCapacity</code> - The desired capacity of an AppStream 2.0 fleet.</p> </li> <li> <p> <code>dynamodb:table:ReadCapacityUnits</code> - The provisioned read capacity for a DynamoDB table.</p> </li> <li> <p> <code>dynamodb:table:WriteCapacityUnits</code> - The provisioned write capacity for a DynamoDB table.</p> </li> <li> <p> <code>dynamodb:index:ReadCapacityUnits</code> - The provisioned read capacity for a DynamoDB global secondary index.</p> </li> <li> <p> <code>dynamodb:index:WriteCapacityUnits</code> - The provisioned write capacity for a DynamoDB global secondary index.</p> </li> <li> <p> <code>rds:cluster:ReadReplicaCount</code> - The count of Aurora Replicas in an Aurora DB cluster. Available for Aurora MySQL-compatible edition.</p> </li> <li> <p> <code>sagemaker:variant:DesiredInstanceCount</code> - The number of EC2 instances for an Amazon SageMaker model endpoint variant.</p> </li> <li> <p> <code>custom-resource:ResourceType:Property</code> - The scalable dimension for a custom resource provided by your own application or service.</p> </li> </ul>",
        "PutScheduledActionRequest$ScalableDimension": "<p>The scalable dimension. This parameter is required if you are creating a scheduled action. This string consists of the service namespace, resource type, and scaling property.</p> <ul> <li> <p> <code>ecs:service:DesiredCount</code> - The desired task count of an ECS service.</p> </li> <li> <p> <code>ec2:spot-fleet-request:TargetCapacity</code> - The target capacity of a Spot fleet request.</p> </li> <li> <p> <code>elasticmapreduce:instancegroup:InstanceCount</code> - The instance count of an EMR Instance Group.</p> </li> <li> <p> <code>appstream:fleet:DesiredCapacity</code> - The desired capacity of an AppStream 2.0 fleet.</p> </li> <li> <p> <code>dynamodb:table:ReadCapacityUnits</code> - The provisioned read capacity for a DynamoDB table.</p> </li> <li> <p> <code>dynamodb:table:WriteCapacityUnits</code> - The provisioned write capacity for a DynamoDB table.</p> </li> <li> <p> <code>dynamodb:index:ReadCapacityUnits</code> - The provisioned read capacity for a DynamoDB global secondary index.</p> </li> <li> <p> <code>dynamodb:index:WriteCapacityUnits</code> - The provisioned write capacity for a DynamoDB global secondary index.</p> </li> <li> <p> <code>rds:cluster:ReadReplicaCount</code> - The count of Aurora Replicas in an Aurora DB cluster. Available for Aurora MySQL-compatible edition.</p> </li> <li> <p> <code>sagemaker:variant:DesiredInstanceCount</code> - The number of EC2 instances for an Amazon SageMaker model endpoint variant.</p> </li> <li> <p> <code>custom-resource:ResourceType:Property</code> - The scalable dimension for a custom resource provided by your own application or service.</p> </li> </ul>",
        "RegisterScalableTargetRequest$ScalableDimension": "<p>The scalable dimension associated with the scalable target. This string consists of the service namespace, resource type, and scaling property.</p> <ul> <li> <p> <code>ecs:service:DesiredCount</code> - The desired task count of an ECS service.</p> </li> <li> <p> <code>ec2:spot-fleet-request:TargetCapacity</code> - The target capacity of a Spot fleet request.</p> </li> <li> <p> <code>elasticmapreduce:instancegroup:InstanceCount</code> - The instance count of an EMR Instance Group.</p> </li> <li> <p> <code>appstream:fleet:DesiredCapacity</code> - The desired capacity of an AppStream 2.0 fleet.</p> </li> <li> <p> <code>dynamodb:table:ReadCapacityUnits</code> - The provisioned read capacity for a DynamoDB table.</p> </li> <li> <p> <code>dynamodb:table:WriteCapacityUnits</code> - The provisioned write capacity for a DynamoDB table.</p> </li> <li> <p> <code>dynamodb:index:ReadCapacityUnits</code> - The provisioned read capacity for a DynamoDB global secondary index.</p> </li> <li> <p> <code>dynamodb:index:WriteCapacityUnits</code> - The provisioned write capacity for a DynamoDB global secondary index.</p> </li> <li> <p> <code>rds:cluster:ReadReplicaCount</code> - The count of Aurora Replicas in an Aurora DB cluster. Available for Aurora MySQL-compatible edition.</p> </li> <li> <p> <code>sagemaker:variant:DesiredInstanceCount</code> - The number of EC2 instances for an Amazon SageMaker model endpoint variant.</p> </li> <li> <p> <code>custom-resource:ResourceType:Property</code> - The scalable dimension for a custom resource provided by your own application or service.</p> </li> </ul>",
        "ScalableTarget$ScalableDimension": "<p>The scalable dimension associated with the scalable target. This string consists of the service namespace, resource type, and scaling property.</p> <ul> <li> <p> <code>ecs:service:DesiredCount</code> - The desired task count of an ECS service.</p> </li> <li> <p> <code>ec2:spot-fleet-request:TargetCapacity</code> - The target capacity of a Spot fleet request.</p> </li> <li> <p> <code>elasticmapreduce:instancegroup:InstanceCount</code> - The instance count of an EMR Instance Group.</p> </li> <li> <p> <code>appstream:fleet:DesiredCapacity</code> - The desired capacity of an AppStream 2.0 fleet.</p> </li> <li> <p> <code>dynamodb:table:ReadCapacityUnits</code> - The provisioned read capacity for a DynamoDB table.</p> </li> <li> <p> <code>dynamodb:table:WriteCapacityUnits</code> - The provisioned write capacity for a DynamoDB table.</p> </li> <li> <p> <code>dynamodb:index:ReadCapacityUnits</code> - The provisioned read capacity for a DynamoDB global secondary index.</p> </li> <li> <p> <code>dynamodb:index:WriteCapacityUnits</code> - The provisioned write capacity for a DynamoDB global secondary index.</p> </li> <li> <p> <code>rds:cluster:ReadReplicaCount</code> - The count of Aurora Replicas in an Aurora DB cluster. Available for Aurora MySQL-compatible edition.</p> </li> <li> <p> <code>sagemaker:variant:DesiredInstanceCount</code> - The number of EC2 instances for an Amazon SageMaker model endpoint variant.</p> </li> <li> <p> <code>custom-resource:ResourceType:Property</code> - The scalable dimension for a custom resource provided by your own application or service.</p> </li> </ul>",
        "ScalingActivity$ScalableDimension": "<p>The scalable dimension. This string consists of the service namespace, resource type, and scaling property.</p> <ul> <li> <p> <code>ecs:service:DesiredCount</code> - The desired task count of an ECS service.</p> </li> <li> <p> <code>ec2:spot-fleet-request:TargetCapacity</code> - The target capacity of a Spot fleet request.</p> </li> <li> <p> <code>elasticmapreduce:instancegroup:InstanceCount</code> - The instance count of an EMR Instance Group.</p> </li> <li> <p> <code>appstream:fleet:DesiredCapacity</code> - The desired capacity of an AppStream 2.0 fleet.</p> </li> <li> <p> <code>dynamodb:table:ReadCapacityUnits</code> - The provisioned read capacity for a DynamoDB table.</p> </li> <li> <p> <code>dynamodb:table:WriteCapacityUnits</code> - The provisioned write capacity for a DynamoDB table.</p> </li> <li> <p> <code>dynamodb:index:ReadCapacityUnits</code> - The provisioned read capacity for a DynamoDB global secondary index.</p> </li> <li> <p> <code>dynamodb:index:WriteCapacityUnits</code> - The provisioned write capacity for a DynamoDB global secondary index.</p> </li> <li> <p> <code>rds:cluster:ReadReplicaCount</code> - The count of Aurora Replicas in an Aurora DB cluster. Available for Aurora MySQL-compatible edition.</p> </li> <li> <p> <code>sagemaker:variant:DesiredInstanceCount</code> - The number of EC2 instances for an Amazon SageMaker model endpoint variant.</p> </li> <li> <p> <code>custom-resource:ResourceType:Property</code> - The scalable dimension for a custom resource provided by your own application or service.</p> </li> </ul>",
        "ScalingPolicy$ScalableDimension": "<p>The scalable dimension. This string consists of the service namespace, resource type, and scaling property.</p> <ul> <li> <p> <code>ecs:service:DesiredCount</code> - The desired task count of an ECS service.</p> </li> <li> <p> <code>ec2:spot-fleet-request:TargetCapacity</code> - The target capacity of a Spot fleet request.</p> </li> <li> <p> <code>elasticmapreduce:instancegroup:InstanceCount</code> - The instance count of an EMR Instance Group.</p> </li> <li> <p> <code>appstream:fleet:DesiredCapacity</code> - The desired capacity of an AppStream 2.0 fleet.</p> </li> <li> <p> <code>dynamodb:table:ReadCapacityUnits</code> - The provisioned read capacity for a DynamoDB table.</p> </li> <li> <p> <code>dynamodb:table:WriteCapacityUnits</code> - The provisioned write capacity for a DynamoDB table.</p> </li> <li> <p> <code>dynamodb:index:ReadCapacityUnits</code> - The provisioned read capacity for a DynamoDB global secondary index.</p> </li> <li> <p> <code>dynamodb:index:WriteCapacityUnits</code> - The provisioned write capacity for a DynamoDB global secondary index.</p> </li> <li> <p> <code>rds:cluster:ReadReplicaCount</code> - The count of Aurora Replicas in an Aurora DB cluster. Available for Aurora MySQL-compatible edition.</p> </li> <li> <p> <code>sagemaker:variant:DesiredInstanceCount</code> - The number of EC2 instances for an Amazon SageMaker model endpoint variant.</p> </li> <li> <p> <code>custom-resource:ResourceType:Property</code> - The scalable dimension for a custom resource provided by your own application or service.</p> </li> </ul>",
        "ScheduledAction$ScalableDimension": "<p>The scalable dimension. This string consists of the service namespace, resource type, and scaling property.</p> <ul> <li> <p> <code>ecs:service:DesiredCount</code> - The desired task count of an ECS service.</p> </li> <li> <p> <code>ec2:spot-fleet-request:TargetCapacity</code> - The target capacity of a Spot fleet request.</p> </li> <li> <p> <code>elasticmapreduce:instancegroup:InstanceCount</code> - The instance count of an EMR Instance Group.</p> </li> <li> <p> <code>appstream:fleet:DesiredCapacity</code> - The desired capacity of an AppStream 2.0 fleet.</p> </li> <li> <p> <code>dynamodb:table:ReadCapacityUnits</code> - The provisioned read capacity for a DynamoDB table.</p> </li> <li> <p> <code>dynamodb:table:WriteCapacityUnits</code> - The provisioned write capacity for a DynamoDB table.</p> </li> <li> <p> <code>dynamodb:index:ReadCapacityUnits</code> - The provisioned read capacity for a DynamoDB global secondary index.</p> </li> <li> <p> <code>dynamodb:index:WriteCapacityUnits</code> - The provisioned write capacity for a DynamoDB global secondary index.</p> </li> <li> <p> <code>rds:cluster:ReadReplicaCount</code> - The count of Aurora Replicas in an Aurora DB cluster. Available for Aurora MySQL-compatible edition.</p> </li> <li> <p> <code>sagemaker:variant:DesiredInstanceCount</code> - The number of EC2 instances for an Amazon SageMaker model endpoint variant.</p> </li> <li> <p> <code>custom-resource:ResourceType:Property</code> - The scalable dimension for a custom resource provided by your own application or service.</p> </li> </ul>"
      }
    },
    "ScalableTarget": {
      "base": "<p>Represents a scalable target.</p>",
      "refs": {
        "ScalableTargets$member": null
      }
    },
    "ScalableTargetAction": {
      "base": "<p>Represents the minimum and maximum capacity for a scheduled action.</p>",
      "refs": {
        "PutScheduledActionRequest$ScalableTargetAction": "<p>The new minimum and maximum capacity. You can set both values or just one. During the scheduled time, if the current capacity is below the minimum capacity, Application Auto Scaling scales out to the minimum capacity. If the current capacity is above the maximum capacity, Application Auto Scaling scales in to the maximum capacity.</p>",
        "ScheduledAction$ScalableTargetAction": "<p>The new minimum and maximum capacity. You can set both values or just one. During the scheduled time, if the current capacity is below the minimum capacity, Application Auto Scaling scales out to the minimum capacity. If the current capacity is above the maximum capacity, Application Auto Scaling scales in to the maximum capacity.</p>"
      }
    },
    "ScalableTargets": {
      "base": null,
      "refs": {
        "DescribeScalableTargetsResponse$ScalableTargets": "<p>The scalable targets that match the request parameters.</p>"
      }
    },
    "ScalingActivities": {
      "base": null,
      "refs": {
        "DescribeScalingActivitiesResponse$ScalingActivities": "<p>A list of scaling activity objects.</p>"
      }
    },
    "ScalingActivity": {
      "base": "<p>Represents a scaling activity.</p>",
      "refs": {
        "ScalingActivities$member": null
      }
    },
    "ScalingActivityStatusCode": {
      "base": null,
      "refs": {
        "ScalingActivity$StatusCode": "<p>Indicates the status of the scaling activity.</p>"
      }
    },
    "ScalingAdjustment": {
      "base": null,
      "refs": {
        "StepAdjustment$ScalingAdjustment": "<p>The amount by which to scale, based on the specified adjustment type. A positive value adds to the current scalable dimension while a negative number removes from the current scalable dimension.</p>"
      }
    },
    "ScalingPolicies": {
      "base": null,
      "refs": {
        "DescribeScalingPoliciesResponse$ScalingPolicies": "<p>Information about the scaling policies.</p>"
      }
    },
    "ScalingPolicy": {
      "base": "<p>Represents a scaling policy.</p>",
      "refs": {
        "ScalingPolicies$member": null
      }
    },
    "ScheduledAction": {
      "base": "<p>Represents a scheduled action.</p>",
      "refs": {
        "ScheduledActions$member": null
      }
    },
    "ScheduledActionName": {
      "base": null,
      "refs": {
        "PutScheduledActionRequest$ScheduledActionName": "<p>The name of the scheduled action.</p>",
        "ScheduledAction$ScheduledActionName": "<p>The name of the scheduled action.</p>"
      }
    },
    "ScheduledActions": {
      "base": null,
      "refs": {
        "DescribeScheduledActionsResponse$ScheduledActions": "<p>Information about the scheduled actions.</p>"
      }
    },
    "ServiceNamespace": {
      "base": null,
      "refs": {
        "DeleteScalingPolicyRequest$ServiceNamespace": "<p>The namespace of the AWS service that provides the resource or <code>custom-resource</code> for a resource provided by your own application or service. For more information, see <a href=\"http://docs.aws.amazon.com/general/latest/gr/aws-arns-and-namespaces.html#genref-aws-service-namespaces\">AWS Service Namespaces</a> in the <i>Amazon Web Services General Reference</i>.</p>",
        "DeleteScheduledActionRequest$ServiceNamespace": "<p>The namespace of the AWS service that provides the resource or <code>custom-resource</code> for a resource provided by your own application or service. For more information, see <a href=\"http://docs.aws.amazon.com/general/latest/gr/aws-arns-and-namespaces.html#genref-aws-service-namespaces\">AWS Service Namespaces</a> in the <i>Amazon Web Services General Reference</i>.</p>",
        "DeregisterScalableTargetRequest$ServiceNamespace": "<p>The namespace of the AWS service that provides the resource or <code>custom-resource</code> for a resource provided by your own application or service. For more information, see <a href=\"http://docs.aws.amazon.com/general/latest/gr/aws-arns-and-namespaces.html#genref-aws-service-namespaces\">AWS Service Namespaces</a> in the <i>Amazon Web Services General Reference</i>.</p>",
        "DescribeScalableTargetsRequest$ServiceNamespace": "<p>The namespace of the AWS service that provides the resource or <code>custom-resource</code> for a resource provided by your own application or service. For more information, see <a href=\"http://docs.aws.amazon.com/general/latest/gr/aws-arns-and-namespaces.html#genref-aws-service-namespaces\">AWS Service Namespaces</a> in the <i>Amazon Web Services General Reference</i>.</p>",
        "DescribeScalingActivitiesRequest$ServiceNamespace": "<p>The namespace of the AWS service that provides the resource or <code>custom-resource</code> for a resource provided by your own application or service. For more information, see <a href=\"http://docs.aws.amazon.com/general/latest/gr/aws-arns-and-namespaces.html#genref-aws-service-namespaces\">AWS Service Namespaces</a> in the <i>Amazon Web Services General Reference</i>.</p>",
        "DescribeScalingPoliciesRequest$ServiceNamespace": "<p>The namespace of the AWS service that provides the resource or <code>custom-resource</code> for a resource provided by your own application or service. For more information, see <a href=\"http://docs.aws.amazon.com/general/latest/gr/aws-arns-and-namespaces.html#genref-aws-service-namespaces\">AWS Service Namespaces</a> in the <i>Amazon Web Services General Reference</i>.</p>",
        "DescribeScheduledActionsRequest$ServiceNamespace": "<p>The namespace of the AWS service that provides the resource or <code>custom-resource</code> for a resource provided by your own application or service. For more information, see <a href=\"http://docs.aws.amazon.com/general/latest/gr/aws-arns-and-namespaces.html#genref-aws-service-namespaces\">AWS Service Namespaces</a> in the <i>Amazon Web Services General Reference</i>.</p>",
        "PutScalingPolicyRequest$ServiceNamespace": "<p>The namespace of the AWS service that provides the resource or <code>custom-resource</code> for a resource provided by your own application or service. For more information, see <a href=\"http://docs.aws.amazon.com/general/latest/gr/aws-arns-and-namespaces.html#genref-aws-service-namespaces\">AWS Service Namespaces</a> in the <i>Amazon Web Services General Reference</i>.</p>",
        "PutScheduledActionRequest$ServiceNamespace": "<p>The namespace of the AWS service that provides the resource or <code>custom-resource</code> for a resource provided by your own application or service. For more information, see <a href=\"http://docs.aws.amazon.com/general/latest/gr/aws-arns-and-namespaces.html#genref-aws-service-namespaces\">AWS Service Namespaces</a> in the <i>Amazon Web Services General Reference</i>.</p>",
        "RegisterScalableTargetRequest$ServiceNamespace": "<p>The namespace of the AWS service that provides the resource or <code>custom-resource</code> for a resource provided by your own application or service. For more information, see <a href=\"http://docs.aws.amazon.com/general/latest/gr/aws-arns-and-namespaces.html#genref-aws-service-namespaces\">AWS Service Namespaces</a> in the <i>Amazon Web Services General Reference</i>.</p>",
        "ScalableTarget$ServiceNamespace": "<p>The namespace of the AWS service that provides the resource or <code>custom-resource</code> for a resource provided by your own application or service. For more information, see <a href=\"http://docs.aws.amazon.com/general/latest/gr/aws-arns-and-namespaces.html#genref-aws-service-namespaces\">AWS Service Namespaces</a> in the <i>Amazon Web Services General Reference</i>.</p>",
        "ScalingActivity$ServiceNamespace": "<p>The namespace of the AWS service that provides the resource or <code>custom-resource</code> for a resource provided by your own application or service. For more information, see <a href=\"http://docs.aws.amazon.com/general/latest/gr/aws-arns-and-namespaces.html#genref-aws-service-namespaces\">AWS Service Namespaces</a> in the <i>Amazon Web Services General Reference</i>.</p>",
        "ScalingPolicy$ServiceNamespace": "<p>The namespace of the AWS service that provides the resource or <code>custom-resource</code> for a resource provided by your own application or service. For more information, see <a href=\"http://docs.aws.amazon.com/general/latest/gr/aws-arns-and-namespaces.html#genref-aws-service-namespaces\">AWS Service Namespaces</a> in the <i>Amazon Web Services General Reference</i>.</p>",
        "ScheduledAction$ServiceNamespace": "<p>The namespace of the AWS service that provides the resource or <code>custom-resource</code> for a resource provided by your own application or service. For more information, see <a href=\"http://docs.aws.amazon.com/general/latest/gr/aws-arns-and-namespaces.html#genref-aws-service-namespaces\">AWS Service Namespaces</a> in the <i>Amazon Web Services General Reference</i>.</p>"
      }
    },
    "StepAdjustment": {
      "base": "<p>Represents a step adjustment for a <a>StepScalingPolicyConfiguration</a>. Describes an adjustment based on the difference between the value of the aggregated CloudWatch metric and the breach threshold that you've defined for the alarm. </p> <p>For the following examples, suppose that you have an alarm with a breach threshold of 50:</p> <ul> <li> <p>To trigger the adjustment when the metric is greater than or equal to 50 and less than 60, specify a lower bound of 0 and an upper bound of 10.</p> </li> <li> <p>To trigger the adjustment when the metric is greater than 40 and less than or equal to 50, specify a lower bound of -10 and an upper bound of 0.</p> </li> </ul> <p>There are a few rules for the step adjustments for your step policy:</p> <ul> <li> <p>The ranges of your step adjustments can't overlap or have a gap.</p> </li> <li> <p>At most one step adjustment can have a null lower bound. If one step adjustment has a negative lower bound, then there must be a step adjustment with a null lower bound.</p> </li> <li> <p>At most one step adjustment can have a null upper bound. If one step adjustment has a positive upper bound, then there must be a step adjustment with a null upper bound.</p> </li> <li> <p>The upper and lower bound can't be null in the same step adjustment.</p> </li> </ul>",
      "refs": {
        "StepAdjustments$member": null
      }
    },
    "StepAdjustments": {
      "base": null,
      "refs": {
        "StepScalingPolicyConfiguration$StepAdjustments": "<p>A set of adjustments that enable you to scale based on the size of the alarm breach.</p>"
      }
    },
    "StepScalingPolicyConfiguration": {
      "base": "<p>Represents a step scaling policy configuration.</p>",
      "refs": {
        "PutScalingPolicyRequest$StepScalingPolicyConfiguration": "<p>A step scaling policy.</p> <p>This parameter is required if you are creating a policy and the policy type is <code>StepScaling</code>.</p>",
        "ScalingPolicy$StepScalingPolicyConfiguration": "<p>A step scaling policy.</p>"
      }
    },
    "TargetTrackingScalingPolicyConfiguration": {
      "base": "<p>Represents a target tracking scaling policy configuration.</p>",
      "refs": {
        "PutScalingPolicyRequest$TargetTrackingScalingPolicyConfiguration": "<p>A target tracking policy.</p> <p>This parameter is required if you are creating a policy and the policy type is <code>TargetTrackingScaling</code>.</p>",
        "ScalingPolicy$TargetTrackingScalingPolicyConfiguration": "<p>A target tracking policy.</p>"
      }
    },
    "TimestampType": {
      "base": null,
      "refs": {
        "PutScheduledActionRequest$StartTime": "<p>The date and time for the scheduled action to start.</p>",
        "PutScheduledActionRequest$EndTime": "<p>The date and time for the scheduled action to end.</p>",
        "ScalableTarget$CreationTime": "<p>The Unix timestamp for when the scalable target was created.</p>",
        "ScalingActivity$StartTime": "<p>The Unix timestamp for when the scaling activity began.</p>",
        "ScalingActivity$EndTime": "<p>The Unix timestamp for when the scaling activity ended.</p>",
        "ScalingPolicy$CreationTime": "<p>The Unix timestamp for when the scaling policy was created.</p>",
        "ScheduledAction$StartTime": "<p>The date and time that the action is scheduled to begin.</p>",
        "ScheduledAction$EndTime": "<p>The date and time that the action is scheduled to end.</p>",
        "ScheduledAction$CreationTime": "<p>The date and time that the scheduled action was created.</p>"
      }
    },
    "ValidationException": {
      "base": "<p>An exception was thrown for a validation issue. Review the available parameters for the API request.</p>",
      "refs": {
      }
    },
    "XmlString": {
      "base": null,
      "refs": {
        "DescribeScalableTargetsRequest$NextToken": "<p>The token for the next set of results.</p>",
        "DescribeScalableTargetsResponse$NextToken": "<p>The token required to get the next set of results. This value is <code>null</code> if there are no more results to return.</p>",
        "DescribeScalingActivitiesRequest$NextToken": "<p>The token for the next set of results.</p>",
        "DescribeScalingActivitiesResponse$NextToken": "<p>The token required to get the next set of results. This value is <code>null</code> if there are no more results to return.</p>",
        "DescribeScalingPoliciesRequest$NextToken": "<p>The token for the next set of results.</p>",
        "DescribeScalingPoliciesResponse$NextToken": "<p>The token required to get the next set of results. This value is <code>null</code> if there are no more results to return.</p>",
        "DescribeScheduledActionsRequest$NextToken": "<p>The token for the next set of results.</p>",
        "DescribeScheduledActionsResponse$NextToken": "<p>The token required to get the next set of results. This value is <code>null</code> if there are no more results to return.</p>",
        "ScalingActivity$Description": "<p>A simple description of what action the scaling activity intends to accomplish.</p>",
        "ScalingActivity$Cause": "<p>A simple description of what caused the scaling activity to happen.</p>",
        "ScalingActivity$StatusMessage": "<p>A simple message about the current status of the scaling activity.</p>",
        "ScalingActivity$Details": "<p>The details about the scaling activity.</p>"
      }
    }
  }
}
