{
  "version":"2.0",
  "service":"<p>You can use the ACM PCA API to create a private certificate authority (CA). You must first call the <a>CreateCertificateAuthority</a> operation. If successful, the operation returns an Amazon Resource Name (ARN) for your private CA. Use this ARN as input to the <a>GetCertificateAuthorityCsr</a> operation to retrieve the certificate signing request (CSR) for your private CA certificate. Sign the CSR using the root or an intermediate CA in your on-premises PKI hierarchy, and call the <a>ImportCertificateAuthorityCertificate</a> to import your signed private CA certificate into ACM PCA. </p> <p>Use your private CA to issue and revoke certificates. These are private certificates that identify and secure client computers, servers, applications, services, devices, and users over SSLS/TLS connections within your organization. Call the <a>IssueCertificate</a> operation to issue a certificate. Call the <a>RevokeCertificate</a> operation to revoke a certificate. </p> <note> <p>Certificates issued by your private CA can be trusted only within your organization, not publicly.</p> </note> <p>Your private CA can optionally create a certificate revocation list (CRL) to track the certificates you revoke. To create a CRL, you must specify a <a>RevocationConfiguration</a> object when you call the <a>CreateCertificateAuthority</a> operation. ACM PCA writes the CRL to an S3 bucket that you specify. You must specify a bucket policy that grants ACM PCA write permission. </p> <p>You can also call the <a>CreateCertificateAuthorityAuditReport</a> to create an optional audit report that lists every time the CA private key is used. The private key is used for signing when the <b>IssueCertificate</b> or <b>RevokeCertificate</b> operation is called. </p>",
  "operations":{
    "CreateCertificateAuthority":"<p>Creates a private subordinate certificate authority (CA). You must specify the CA configuration, the revocation configuration, the CA type, and an optional idempotency token. The CA configuration specifies the name of the algorithm and key size to be used to create the CA private key, the type of signing algorithm that the CA uses to sign, and X.500 subject information. The CRL (certificate revocation list) configuration specifies the CRL expiration period in days (the validity period of the CRL), the Amazon S3 bucket that will contain the CRL, and a CNAME alias for the S3 bucket that is included in certificates issued by the CA. If successful, this operation returns the Amazon Resource Name (ARN) of the CA.</p>",
    "CreateCertificateAuthorityAuditReport":"<p>Creates an audit report that lists every time that the your CA private key is used. The report is saved in the Amazon S3 bucket that you specify on input. The <a>IssueCertificate</a> and <a>RevokeCertificate</a> operations use the private key. You can generate a new report every 30 minutes.</p>",
    "DeleteCertificateAuthority":"<p>Deletes a private certificate authority (CA). You must provide the ARN (Amazon Resource Name) of the private CA that you want to delete. You can find the ARN by calling the <a>ListCertificateAuthorities</a> operation. Before you can delete a CA, you must disable it. Call the <a>UpdateCertificateAuthority</a> operation and set the <b>CertificateAuthorityStatus</b> parameter to <code>DISABLED</code>. </p> <p>Additionally, you can delete a CA if you are waiting for it to be created (the <b>Status</b> field of the <a>CertificateAuthority</a> is <code>CREATING</code>). You can also delete it if the CA has been created but you haven't yet imported the signed certificate (the <b>Status</b> is <code>PENDING_CERTIFICATE</code>) into ACM PCA. </p> <p>If the CA is in one of the aforementioned states and you call <a>DeleteCertificateAuthority</a>, the CA's status changes to <code>DELETED</code>. However, the CA won't be permentantly deleted until the restoration period has passed. By default, if you do not set the <code>PermanentDeletionTimeInDays</code> parameter, the CA remains restorable for 30 days. You can set the parameter from 7 to 30 days. The <a>DescribeCertificateAuthority</a> operation returns the time remaining in the restoration window of a Private CA in the <code>DELETED</code> state. To restore an eligable CA, call the <a>RestoreCertificateAuthority</a> operation.</p>",
    "DescribeCertificateAuthority":"<p>Lists information about your private certificate authority (CA). You specify the private CA on input by its ARN (Amazon Resource Name). The output contains the status of your CA. This can be any of the following: </p> <ul> <li> <p> <code>CREATING</code> - ACM PCA is creating your private certificate authority.</p> </li> <li> <p> <code>PENDING_CERTIFICATE</code> - The certificate is pending. You must use your on-premises root or subordinate CA to sign your private CA CSR and then import it into PCA. </p> </li> <li> <p> <code>ACTIVE</code> - Your private CA is active.</p> </li> <li> <p> <code>DISABLED</code> - Your private CA has been disabled.</p> </li> <li> <p> <code>EXPIRED</code> - Your private CA certificate has expired.</p> </li> <li> <p> <code>FAILED</code> - Your private CA has failed. Your CA can fail because of problems such a network outage or backend AWS failure or other errors. A failed CA can never return to the pending state. You must create a new CA. </p> </li> <li> <p> <code>DELETED</code> - Your private CA is within the restoration period, after which it will be permanently deleted. The length of time remaining in the CA's restoration period will also be included in this operation's output.</p> </li> </ul>",
    "DescribeCertificateAuthorityAuditReport":"<p>Lists information about a specific audit report created by calling the <a>CreateCertificateAuthorityAuditReport</a> operation. Audit information is created every time the certificate authority (CA) private key is used. The private key is used when you call the <a>IssueCertificate</a> operation or the <a>RevokeCertificate</a> operation. </p>",
    "GetCertificate":"<p>Retrieves a certificate from your private CA. The ARN of the certificate is returned when you call the <a>IssueCertificate</a> operation. You must specify both the ARN of your private CA and the ARN of the issued certificate when calling the <b>GetCertificate</b> operation. You can retrieve the certificate if it is in the <b>ISSUED</b> state. You can call the <a>CreateCertificateAuthorityAuditReport</a> operation to create a report that contains information about all of the certificates issued and revoked by your private CA. </p>",
    "GetCertificateAuthorityCertificate":"<p>Retrieves the certificate and certificate chain for your private certificate authority (CA). Both the certificate and the chain are base64 PEM-encoded. The chain does not include the CA certificate. Each certificate in the chain signs the one before it. </p>",
    "GetCertificateAuthorityCsr":"<p>Retrieves the certificate signing request (CSR) for your private certificate authority (CA). The CSR is created when you call the <a>CreateCertificateAuthority</a> operation. Take the CSR to your on-premises X.509 infrastructure and sign it by using your root or a subordinate CA. Then import the signed certificate back into ACM PCA by calling the <a>ImportCertificateAuthorityCertificate</a> operation. The CSR is returned as a base64 PEM-encoded string. </p>",
    "ImportCertificateAuthorityCertificate":"<p>Imports your signed private CA certificate into ACM PCA. Before you can call this operation, you must create the private certificate authority by calling the <a>CreateCertificateAuthority</a> operation. You must then generate a certificate signing request (CSR) by calling the <a>GetCertificateAuthorityCsr</a> operation. Take the CSR to your on-premises CA and use the root certificate or a subordinate certificate to sign it. Create a certificate chain and copy the signed certificate and the certificate chain to your working directory. </p> <note> <p>Your certificate chain must not include the private CA certificate that you are importing.</p> </note> <note> <p>Your on-premises CA certificate must be the last certificate in your chain. The subordinate certificate, if any, that your root CA signed must be next to last. The subordinate certificate signed by the preceding subordinate CA must come next, and so on until your chain is built. </p> </note> <note> <p>The chain must be PEM-encoded.</p> </note>",
    "IssueCertificate":"<p>Uses your private certificate authority (CA) to issue a client certificate. This operation returns the Amazon Resource Name (ARN) of the certificate. You can retrieve the certificate by calling the <a>GetCertificate</a> operation and specifying the ARN. </p> <note> <p>You cannot use the ACM <b>ListCertificateAuthorities</b> operation to retrieve the ARNs of the certificates that you issue by using ACM PCA.</p> </note>",
    "ListCertificateAuthorities":"<p>Lists the private certificate authorities that you created by using the <a>CreateCertificateAuthority</a> operation.</p>",
    "ListTags":"<p>Lists the tags, if any, that are associated with your private CA. Tags are labels that you can use to identify and organize your CAs. Each tag consists of a key and an optional value. Call the <a>TagCertificateAuthority</a> operation to add one or more tags to your CA. Call the <a>UntagCertificateAuthority</a> operation to remove tags. </p>",
    "RestoreCertificateAuthority":"<p>Restores a certificate authority (CA) that is in the <code>DELETED</code> state. You can restore a CA during the period that you defined in the <b>PermanentDeletionTimeInDays</b> parameter of the <a>DeleteCertificateAuthority</a> operation. Currently, you can specify 7 to 30 days. If you did not specify a <b>PermanentDeletionTimeInDays</b> value, by default you can restore the CA at any time in a 30 day period. You can check the time remaining in the restoration period of a private CA in the <code>DELETED</code> state by calling the <a>DescribeCertificateAuthority</a> or <a>ListCertificateAuthorities</a> operations. The status of a restored CA is set to its pre-deletion status when the <b>RestoreCertificateAuthority</b> operation returns. To change its status to <code>ACTIVE</code>, call the <a>UpdateCertificateAuthority</a> operation. If the private CA was in the <code>PENDING_CERTIFICATE</code> state at deletion, you must use the <a>ImportCertificateAuthorityCertificate</a> operation to import a certificate authority into the private CA before it can be activated. You cannot restore a CA after the restoration period has ended.</p>",
    "RevokeCertificate":"<p>Revokes a certificate that you issued by calling the <a>IssueCertificate</a> operation. If you enable a certificate revocation list (CRL) when you create or update your private CA, information about the revoked certificates will be included in the CRL. ACM PCA writes the CRL to an S3 bucket that you specify. For more information about revocation, see the <a>CrlConfiguration</a> structure. ACM PCA also writes revocation information to the audit report. For more information, see <a>CreateCertificateAuthorityAuditReport</a>. </p>",
    "TagCertificateAuthority":"<p>Adds one or more tags to your private CA. Tags are labels that you can use to identify and organize your AWS resources. Each tag consists of a key and an optional value. You specify the private CA on input by its Amazon Resource Name (ARN). You specify the tag by using a key-value pair. You can apply a tag to just one private CA if you want to identify a specific characteristic of that CA, or you can apply the same tag to multiple private CAs if you want to filter for a common relationship among those CAs. To remove one or more tags, use the <a>UntagCertificateAuthority</a> operation. Call the <a>ListTags</a> operation to see what tags are associated with your CA. </p>",
    "UntagCertificateAuthority":"<p>Remove one or more tags from your private CA. A tag consists of a key-value pair. If you do not specify the value portion of the tag when calling this operation, the tag will be removed regardless of value. If you specify a value, the tag is removed only if it is associated with the specified value. To add tags to a private CA, use the <a>TagCertificateAuthority</a>. Call the <a>ListTags</a> operation to see what tags are associated with your CA. </p>",
    "UpdateCertificateAuthority":"<p>Updates the status or configuration of a private certificate authority (CA). Your private CA must be in the <code>ACTIVE</code> or <code>DISABLED</code> state before you can update it. You can disable a private CA that is in the <code>ACTIVE</code> state or make a CA that is in the <code>DISABLED</code> state active again.</p>"
  },
  "shapes":{
    "ASN1Subject":{
      "base":"<p>Contains information about the certificate subject. The certificate can be one issued by your private certificate authority (CA) or it can be your private CA certificate. The <b>Subject</b> field in the certificate identifies the entity that owns or controls the public key in the certificate. The entity can be a user, computer, device, or service. The <b>Subject</b> must contain an X.500 distinguished name (DN). A DN is a sequence of relative distinguished names (RDNs). The RDNs are separated by commas in the certificate. The DN must be unique for each entity, but your private CA can issue more than one certificate with the same DN to the same entity. </p>",
      "refs":{
        "CertificateAuthorityConfiguration$Subject":"<p>Structure that contains X.500 distinguished name information for your private CA.</p>"
      }
    },
    "Arn":{
      "base":null,
      "refs":{
        "CertificateAuthority$Arn":"<p>Amazon Resource Name (ARN) for your private certificate authority (CA). The format is <code> <i>12345678-1234-1234-1234-123456789012</i> </code>.</p>",
        "CreateCertificateAuthorityAuditReportRequest$CertificateAuthorityArn":"<p>Amazon Resource Name (ARN) of the CA to be audited. This is of the form:</p> <p> <code>arn:aws:acm-pca:<i>region</i>:<i>account</i>:certificate-authority/<i>12345678-1234-1234-1234-123456789012</i> </code>.</p>",
        "CreateCertificateAuthorityResponse$CertificateAuthorityArn":"<p>If successful, the Amazon Resource Name (ARN) of the certificate authority (CA). This is of the form: </p> <p> <code>arn:aws:acm-pca:<i>region</i>:<i>account</i>:certificate-authority/<i>12345678-1234-1234-1234-123456789012</i> </code>. </p>",
        "DeleteCertificateAuthorityRequest$CertificateAuthorityArn":"<p>The Amazon Resource Name (ARN) that was returned when you called <a>CreateCertificateAuthority</a>. This must have the following form: </p> <p> <code>arn:aws:acm-pca:<i>region</i>:<i>account</i>:certificate-authority/<i>12345678-1234-1234-1234-123456789012</i> </code>. </p>",
        "DescribeCertificateAuthorityAuditReportRequest$CertificateAuthorityArn":"<p>The Amazon Resource Name (ARN) of the private CA. This must be of the form:</p> <p> <code>arn:aws:acm-pca:<i>region</i>:<i>account</i>:certificate-authority/<i>12345678-1234-1234-1234-123456789012</i> </code>. </p>",
        "DescribeCertificateAuthorityRequest$CertificateAuthorityArn":"<p>The Amazon Resource Name (ARN) that was returned when you called <a>CreateCertificateAuthority</a>. This must be of the form: </p> <p> <code>arn:aws:acm-pca:<i>region</i>:<i>account</i>:certificate-authority/<i>12345678-1234-1234-1234-123456789012</i> </code>. </p>",
        "GetCertificateAuthorityCertificateRequest$CertificateAuthorityArn":"<p>The Amazon Resource Name (ARN) of your private CA. This is of the form:</p> <p> <code>arn:aws:acm-pca:<i>region</i>:<i>account</i>:certificate-authority/<i>12345678-1234-1234-1234-123456789012</i> </code>. </p>",
        "GetCertificateAuthorityCsrRequest$CertificateAuthorityArn":"<p>The Amazon Resource Name (ARN) that was returned when you called the <a>CreateCertificateAuthority</a> operation. This must be of the form: </p> <p> <code>arn:aws:acm-pca:<i>region</i>:<i>account</i>:certificate-authority/<i>12345678-1234-1234-1234-123456789012</i> </code> </p>",
        "GetCertificateRequest$CertificateAuthorityArn":"<p>The Amazon Resource Name (ARN) that was returned when you called <a>CreateCertificateAuthority</a>. This must be of the form: </p> <p> <code>arn:aws:acm-pca:<i>region</i>:<i>account</i>:certificate-authority/<i>12345678-1234-1234-1234-123456789012</i> </code>. </p>",
        "GetCertificateRequest$CertificateArn":"<p>The ARN of the issued certificate. The ARN contains the certificate serial number and must be in the following form: </p> <p> <code>arn:aws:acm-pca:<i>region</i>:<i>account</i>:certificate-authority/<i>12345678-1234-1234-1234-123456789012</i>/certificate/<i>286535153982981100925020015808220737245</i> </code> </p>",
        "ImportCertificateAuthorityCertificateRequest$CertificateAuthorityArn":"<p>The Amazon Resource Name (ARN) that was returned when you called <a>CreateCertificateAuthority</a>. This must be of the form: </p> <p> <code>arn:aws:acm-pca:<i>region</i>:<i>account</i>:certificate-authority/<i>12345678-1234-1234-1234-123456789012</i> </code> </p>",
        "IssueCertificateRequest$CertificateAuthorityArn":"<p>The Amazon Resource Name (ARN) that was returned when you called <a>CreateCertificateAuthority</a>. This must be of the form:</p> <p> <code>arn:aws:acm-pca:<i>region</i>:<i>account</i>:certificate-authority/<i>12345678-1234-1234-1234-123456789012</i> </code> </p>",
        "IssueCertificateResponse$CertificateArn":"<p>The Amazon Resource Name (ARN) of the issued certificate and the certificate serial number. This is of the form:</p> <p> <code>arn:aws:acm-pca:<i>region</i>:<i>account</i>:certificate-authority/<i>12345678-1234-1234-1234-123456789012</i>/certificate/<i>286535153982981100925020015808220737245</i> </code> </p>",
        "ListTagsRequest$CertificateAuthorityArn":"<p>The Amazon Resource Name (ARN) that was returned when you called the <a>CreateCertificateAuthority</a> operation. This must be of the form: </p> <p> <code>arn:aws:acm-pca:<i>region</i>:<i>account</i>:certificate-authority/<i>12345678-1234-1234-1234-123456789012</i> </code> </p>",
        "RestoreCertificateAuthorityRequest$CertificateAuthorityArn":"<p>The Amazon Resource Name (ARN) that was returned when you called the <a>CreateCertificateAuthority</a> operation. This must be of the form: </p> <p> <code>arn:aws:acm-pca:<i>region</i>:<i>account</i>:certificate-authority/<i>12345678-1234-1234-1234-123456789012</i> </code> </p>",
        "RevokeCertificateRequest$CertificateAuthorityArn":"<p>Amazon Resource Name (ARN) of the private CA that issued the certificate to be revoked. This must be of the form:</p> <p> <code>arn:aws:acm-pca:<i>region</i>:<i>account</i>:certificate-authority/<i>12345678-1234-1234-1234-123456789012</i> </code> </p>",
        "TagCertificateAuthorityRequest$CertificateAuthorityArn":"<p>The Amazon Resource Name (ARN) that was returned when you called <a>CreateCertificateAuthority</a>. This must be of the form: </p> <p> <code>arn:aws:acm-pca:<i>region</i>:<i>account</i>:certificate-authority/<i>12345678-1234-1234-1234-123456789012</i> </code> </p>",
        "UntagCertificateAuthorityRequest$CertificateAuthorityArn":"<p>The Amazon Resource Name (ARN) that was returned when you called <a>CreateCertificateAuthority</a>. This must be of the form: </p> <p> <code>arn:aws:acm-pca:<i>region</i>:<i>account</i>:certificate-authority/<i>12345678-1234-1234-1234-123456789012</i> </code> </p>",
        "UpdateCertificateAuthorityRequest$CertificateAuthorityArn":"<p>Amazon Resource Name (ARN) of the private CA that issued the certificate to be revoked. This must be of the form:</p> <p> <code>arn:aws:acm-pca:<i>region</i>:<i>account</i>:certificate-authority/<i>12345678-1234-1234-1234-123456789012</i> </code> </p>"
      }
    },
    "AuditReportId":{
      "base":null,
      "refs":{
        "CreateCertificateAuthorityAuditReportResponse$AuditReportId":"<p>An alphanumeric string that contains a report identifier.</p>",
        "DescribeCertificateAuthorityAuditReportRequest$AuditReportId":"<p>The report ID returned by calling the <a>CreateCertificateAuthorityAuditReport</a> operation.</p>"
      }
    },
    "AuditReportResponseFormat":{
      "base":null,
      "refs":{
        "CreateCertificateAuthorityAuditReportRequest$AuditReportResponseFormat":"<p>Format in which to create the report. This can be either <b>JSON</b> or <b>CSV</b>.</p>"
      }
    },
    "AuditReportStatus":{
      "base":null,
      "refs":{
        "DescribeCertificateAuthorityAuditReportResponse$AuditReportStatus":"<p>Specifies whether report creation is in progress, has succeeded, or has failed.</p>"
      }
    },
    "Boolean":{
      "base":null,
      "refs":{
        "CrlConfiguration$Enabled":"<p>Boolean value that specifies whether certificate revocation lists (CRLs) are enabled. You can use this value to enable certificate revocation for a new CA when you call the <a>CreateCertificateAuthority</a> operation or for an existing CA when you call the <a>UpdateCertificateAuthority</a> operation. </p>"
      }
    },
    "CertificateAuthorities":{
      "base":null,
      "refs":{
        "ListCertificateAuthoritiesResponse$CertificateAuthorities":"<p>Summary information about each certificate authority you have created.</p>"
      }
    },
    "CertificateAuthority":{
      "base":"<p>Contains information about your private certificate authority (CA). Your private CA can issue and revoke X.509 digital certificates. Digital certificates verify that the entity named in the certificate <b>Subject</b> field owns or controls the public key contained in the <b>Subject Public Key Info</b> field. Call the <a>CreateCertificateAuthority</a> operation to create your private CA. You must then call the <a>GetCertificateAuthorityCertificate</a> operation to retrieve a private CA certificate signing request (CSR). Take the CSR to your on-premises CA and sign it with the root CA certificate or a subordinate certificate. Call the <a>ImportCertificateAuthorityCertificate</a> operation to import the signed certificate into AWS Certificate Manager (ACM). </p>",
      "refs":{
        "CertificateAuthorities$member":null,
        "DescribeCertificateAuthorityResponse$CertificateAuthority":"<p>A <a>CertificateAuthority</a> structure that contains information about your private CA.</p>"
      }
    },
    "CertificateAuthorityConfiguration":{
      "base":"<p>Contains configuration information for your private certificate authority (CA). This includes information about the class of public key algorithm and the key pair that your private CA creates when it issues a certificate, the signature algorithm it uses used when issuing certificates, and its X.500 distinguished name. You must specify this information when you call the <a>CreateCertificateAuthority</a> operation. </p>",
      "refs":{
        "CertificateAuthority$CertificateAuthorityConfiguration":"<p>Your private CA configuration.</p>",
        "CreateCertificateAuthorityRequest$CertificateAuthorityConfiguration":"<p>Name and bit size of the private key algorithm, the name of the signing algorithm, and X.500 certificate subject information.</p>"
      }
    },
    "CertificateAuthorityStatus":{
      "base":null,
      "refs":{
        "CertificateAuthority$Status":"<p>Status of your private CA.</p>",
        "UpdateCertificateAuthorityRequest$Status":"<p>Status of your private CA.</p>"
      }
    },
    "CertificateAuthorityType":{
      "base":null,
      "refs":{
        "CertificateAuthority$Type":"<p>Type of your private CA.</p>",
        "CreateCertificateAuthorityRequest$CertificateAuthorityType":"<p>The type of the certificate authority. Currently, this must be <b>SUBORDINATE</b>.</p>"
      }
    },
    "CertificateBody":{
      "base":null,
      "refs":{
        "GetCertificateAuthorityCertificateResponse$Certificate":"<p>Base64-encoded certificate authority (CA) certificate.</p>",
        "GetCertificateResponse$Certificate":"<p>The base64 PEM-encoded certificate specified by the <code>CertificateArn</code> parameter.</p>"
      }
    },
    "CertificateBodyBlob":{
      "base":null,
      "refs":{
        "ImportCertificateAuthorityCertificateRequest$Certificate":"<p>The PEM-encoded certificate for your private CA. This must be signed by using your on-premises CA.</p>"
      }
    },
    "CertificateChain":{
      "base":null,
      "refs":{
        "GetCertificateAuthorityCertificateResponse$CertificateChain":"<p>Base64-encoded certificate chain that includes any intermediate certificates and chains up to root on-premises certificate that you used to sign your private CA certificate. The chain does not include your private CA certificate. </p>",
        "GetCertificateResponse$CertificateChain":"<p>The base64 PEM-encoded certificate chain that chains up to the on-premises root CA certificate that you used to sign your private CA certificate. </p>"
      }
    },
    "CertificateChainBlob":{
      "base":null,
      "refs":{
        "ImportCertificateAuthorityCertificateRequest$CertificateChain":"<p>A PEM-encoded file that contains all of your certificates, other than the certificate you're importing, chaining up to your root CA. Your on-premises root certificate is the last in the chain, and each certificate in the chain signs the one preceding. </p>"
      }
    },
    "CertificateMismatchException":{
      "base":"<p>The certificate authority certificate you are importing does not comply with conditions specified in the certificate that signed it.</p>",
      "refs":{
      }
    },
    "ConcurrentModificationException":{
      "base":"<p>A previous update to your private CA is still ongoing.</p>",
      "refs":{
      }
    },
    "CountryCodeString":{
      "base":null,
      "refs":{
        "ASN1Subject$Country":"<p>Two-digit code that specifies the country in which the certificate subject located.</p>"
      }
    },
    "CreateCertificateAuthorityAuditReportRequest":{
      "base":null,
      "refs":{
      }
    },
    "CreateCertificateAuthorityAuditReportResponse":{
      "base":null,
      "refs":{
      }
    },
    "CreateCertificateAuthorityRequest":{
      "base":null,
      "refs":{
      }
    },
    "CreateCertificateAuthorityResponse":{
      "base":null,
      "refs":{
      }
    },
    "CrlConfiguration":{
      "base":"<p>Contains configuration information for a certificate revocation list (CRL). Your private certificate authority (CA) creates base CRLs. Delta CRLs are not supported. You can enable CRLs for your new or an existing private CA by setting the <b>Enabled</b> parameter to <code>true</code>. Your private CA writes CRLs to an S3 bucket that you specify in the <b>S3BucketName</b> parameter. You can hide the name of your bucket by specifying a value for the <b>CustomCname</b> parameter. Your private CA copies the CNAME or the S3 bucket name to the <b>CRL Distribution Points</b> extension of each certificate it issues. Your S3 bucket policy must give write permission to ACM PCA. </p> <p>Your private CA uses the value in the <b>ExpirationInDays</b> parameter to calculate the <b>nextUpdate</b> field in the CRL. The CRL is refreshed at 1/2 the age of next update or when a certificate is revoked. When a certificate is revoked, it is recorded in the next CRL that is generated and in the next audit report. Only time valid certificates are listed in the CRL. Expired certificates are not included. </p> <p>CRLs contain the following fields:</p> <ul> <li> <p> <b>Version</b>: The current version number defined in RFC 5280 is V2. The integer value is 0x1. </p> </li> <li> <p> <b>Signature Algorithm</b>: The name of the algorithm used to sign the CRL.</p> </li> <li> <p> <b>Issuer</b>: The X.500 distinguished name of your private CA that issued the CRL.</p> </li> <li> <p> <b>Last Update</b>: The issue date and time of this CRL.</p> </li> <li> <p> <b>Next Update</b>: The day and time by which the next CRL will be issued.</p> </li> <li> <p> <b>Revoked Certificates</b>: List of revoked certificates. Each list item contains the following information.</p> <ul> <li> <p> <b>Serial Number</b>: The serial number, in hexadecimal format, of the revoked certificate.</p> </li> <li> <p> <b>Revocation Date</b>: Date and time the certificate was revoked.</p> </li> <li> <p> <b>CRL Entry Extensions</b>: Optional extensions for the CRL entry.</p> <ul> <li> <p> <b>X509v3 CRL Reason Code</b>: Reason the certificate was revoked.</p> </li> </ul> </li> </ul> </li> <li> <p> <b>CRL Extensions</b>: Optional extensions for the CRL.</p> <ul> <li> <p> <b>X509v3 Authority Key Identifier</b>: Identifies the public key associated with the private key used to sign the certificate.</p> </li> <li> <p> <b>X509v3 CRL Number:</b>: Decimal sequence number for the CRL.</p> </li> </ul> </li> <li> <p> <b>Signature Algorithm</b>: Algorithm used by your private CA to sign the CRL.</p> </li> <li> <p> <b>Signature Value</b>: Signature computed over the CRL.</p> </li> </ul> <p>Certificate revocation lists created by ACM PCA are DER-encoded. You can use the following OpenSSL command to list a CRL.</p> <p> <code>openssl crl -inform DER -text -in <i>crl_path</i> -noout</code> </p>",
      "refs":{
        "RevocationConfiguration$CrlConfiguration":"<p>Configuration of the certificate revocation list (CRL), if any, maintained by your private CA.</p>"
      }
    },
    "CsrBlob":{
      "base":null,
      "refs":{
        "IssueCertificateRequest$Csr":"<p>The certificate signing request (CSR) for the certificate you want to issue. You can use the following OpenSSL command to create the CSR and a 2048 bit RSA private key. </p> <p> <code>openssl req -new -newkey rsa:2048 -days 365 -keyout private/test_cert_priv_key.pem -out csr/test_cert_.csr</code> </p> <p>If you have a configuration file, you can use the following OpenSSL command. The <code>usr_cert</code> block in the configuration file contains your X509 version 3 extensions. </p> <p> <code>openssl req -new -config openssl_rsa.cnf -extensions usr_cert -newkey rsa:2048 -days -365 -keyout private/test_cert_priv_key.pem -out csr/test_cert_.csr</code> </p>"
      }
    },
    "CsrBody":{
      "base":null,
      "refs":{
        "GetCertificateAuthorityCsrResponse$Csr":"<p>The base64 PEM-encoded certificate signing request (CSR) for your private CA certificate.</p>"
      }
    },
    "DeleteCertificateAuthorityRequest":{
      "base":null,
      "refs":{
      }
    },
    "DescribeCertificateAuthorityAuditReportRequest":{
      "base":null,
      "refs":{
      }
    },
    "DescribeCertificateAuthorityAuditReportResponse":{
      "base":null,
      "refs":{
      }
    },
    "DescribeCertificateAuthorityRequest":{
      "base":null,
      "refs":{
      }
    },
    "DescribeCertificateAuthorityResponse":{
      "base":null,
      "refs":{
      }
    },
    "DistinguishedNameQualifierString":{
      "base":null,
      "refs":{
        "ASN1Subject$DistinguishedNameQualifier":"<p>Disambiguating information for the certificate subject.</p>"
      }
    },
    "FailureReason":{
      "base":null,
      "refs":{
        "CertificateAuthority$FailureReason":"<p>Reason the request to create your private CA failed.</p>"
      }
    },
    "GetCertificateAuthorityCertificateRequest":{
      "base":null,
      "refs":{
      }
    },
    "GetCertificateAuthorityCertificateResponse":{
      "base":null,
      "refs":{
      }
    },
    "GetCertificateAuthorityCsrRequest":{
      "base":null,
      "refs":{
      }
    },
    "GetCertificateAuthorityCsrResponse":{
      "base":null,
      "refs":{
      }
    },
    "GetCertificateRequest":{
      "base":null,
      "refs":{
      }
    },
    "GetCertificateResponse":{
      "base":null,
      "refs":{
      }
    },
    "IdempotencyToken":{
      "base":null,
      "refs":{
        "CreateCertificateAuthorityRequest$IdempotencyToken":"<p>Alphanumeric string that can be used to distinguish between calls to <b>CreateCertificateAuthority</b>. Idempotency tokens time out after five minutes. Therefore, if you call <b>CreateCertificateAuthority</b> multiple times with the same idempotency token within a five minute period, ACM PCA recognizes that you are requesting only one certificate. As a result, ACM PCA issues only one. If you change the idempotency token for each call, however, ACM PCA recognizes that you are requesting multiple certificates.</p>",
        "IssueCertificateRequest$IdempotencyToken":"<p>Custom string that can be used to distinguish between calls to the <b>IssueCertificate</b> operation. Idempotency tokens time out after one hour. Therefore, if you call <b>IssueCertificate</b> multiple times with the same idempotency token within 5 minutes, ACM PCA recognizes that you are requesting only one certificate and will issue only one. If you change the idempotency token for each call, PCA recognizes that you are requesting multiple certificates.</p>"
      }
    },
    "ImportCertificateAuthorityCertificateRequest":{
      "base":null,
      "refs":{
      }
    },
    "Integer1To5000":{
      "base":null,
      "refs":{
        "CrlConfiguration$ExpirationInDays":"<p>Number of days until a certificate expires.</p>"
      }
    },
    "InvalidArgsException":{
      "base":"<p>One or more of the specified arguments was not valid.</p>",
      "refs":{
      }
    },
    "InvalidArnException":{
      "base":"<p>The requested Amazon Resource Name (ARN) does not refer to an existing resource.</p>",
      "refs":{
      }
    },
    "InvalidNextTokenException":{
      "base":"<p>The token specified in the <code>NextToken</code> argument is not valid. Use the token returned from your previous call to <a>ListCertificateAuthorities</a>.</p>",
      "refs":{
      }
    },
    "InvalidPolicyException":{
      "base":"<p>The S3 bucket policy is not valid. The policy must give ACM PCA rights to read from and write to the bucket and find the bucket location.</p>",
      "refs":{
      }
    },
    "InvalidStateException":{
      "base":"<p>The private CA is in a state during which a report cannot be generated.</p>",
      "refs":{
      }
    },
    "InvalidTagException":{
      "base":"<p>The tag associated with the CA is not valid. The invalid argument is contained in the message field.</p>",
      "refs":{
      }
    },
    "IssueCertificateRequest":{
      "base":null,
      "refs":{
      }
    },
    "IssueCertificateResponse":{
      "base":null,
      "refs":{
      }
    },
    "KeyAlgorithm":{
      "base":null,
      "refs":{
        "CertificateAuthorityConfiguration$KeyAlgorithm":"<p>Type of the public key algorithm and size, in bits, of the key pair that your key pair creates when it issues a certificate.</p>"
      }
    },
    "LimitExceededException":{
      "base":"<p>An ACM PCA limit has been exceeded. See the exception message returned to determine the limit that was exceeded.</p>",
      "refs":{
      }
    },
    "ListCertificateAuthoritiesRequest":{
      "base":null,
      "refs":{
      }
    },
    "ListCertificateAuthoritiesResponse":{
      "base":null,
      "refs":{
      }
    },
    "ListTagsRequest":{
      "base":null,
      "refs":{
      }
    },
    "ListTagsResponse":{
      "base":null,
      "refs":{
      }
    },
    "MalformedCSRException":{
      "base":"<p>The certificate signing request is invalid.</p>",
      "refs":{
      }
    },
    "MalformedCertificateException":{
      "base":"<p>One or more fields in the certificate are invalid.</p>",
      "refs":{
      }
    },
    "MaxResults":{
      "base":null,
      "refs":{
        "ListCertificateAuthoritiesRequest$MaxResults":"<p>Use this parameter when paginating results to specify the maximum number of items to return in the response on each page. If additional items exist beyond the number you specify, the <code>NextToken</code> element is sent in the response. Use this <code>NextToken</code> value in a subsequent request to retrieve additional items.</p>",
        "ListTagsRequest$MaxResults":"<p>Use this parameter when paginating results to specify the maximum number of items to return in the response. If additional items exist beyond the number you specify, the <b>NextToken</b> element is sent in the response. Use this <b>NextToken</b> value in a subsequent request to retrieve additional items.</p>"
      }
    },
    "NextToken":{
      "base":null,
      "refs":{
        "ListCertificateAuthoritiesRequest$NextToken":"<p>Use this parameter when paginating results in a subsequent request after you receive a response with truncated results. Set it to the value of the <code>NextToken</code> parameter from the response you just received.</p>",
        "ListCertificateAuthoritiesResponse$NextToken":"<p>When the list is truncated, this value is present and should be used for the <code>NextToken</code> parameter in a subsequent pagination request.</p>",
        "ListTagsRequest$NextToken":"<p>Use this parameter when paginating results in a subsequent request after you receive a response with truncated results. Set it to the value of <b>NextToken</b> from the response you just received.</p>",
        "ListTagsResponse$NextToken":"<p>When the list is truncated, this value is present and should be used for the <b>NextToken</b> parameter in a subsequent pagination request. </p>"
      }
    },
    "PermanentDeletionTimeInDays":{
      "base":null,
      "refs":{
        "DeleteCertificateAuthorityRequest$PermanentDeletionTimeInDays":"<p>The number of days to make a CA restorable after it has been deleted. This can be anywhere from 7 to 30 days, with 30 being the default.</p>"
      }
    },
    "PositiveLong":{
      "base":null,
      "refs":{
        "Validity$Value":"<p>Time period.</p>"
      }
    },
    "RequestAlreadyProcessedException":{
      "base":"<p>Your request has already been completed.</p>",
      "refs":{
      }
    },
    "RequestFailedException":{
      "base":"<p>The request has failed for an unspecified reason.</p>",
      "refs":{
      }
    },
    "RequestInProgressException":{
      "base":"<p>Your request is already in progress.</p>",
      "refs":{
      }
    },
    "ResourceNotFoundException":{
      "base":"<p>A resource such as a private CA, S3 bucket, certificate, or audit report cannot be found.</p>",
      "refs":{
      }
    },
    "RestoreCertificateAuthorityRequest":{
      "base":null,
      "refs":{
      }
    },
    "RevocationConfiguration":{
      "base":"<p>Certificate revocation information used by the <a>CreateCertificateAuthority</a> and <a>UpdateCertificateAuthority</a> operations. Your private certificate authority (CA) can create and maintain a certificate revocation list (CRL). A CRL contains information about certificates revoked by your CA. For more information, see <a>RevokeCertificate</a>.</p>",
      "refs":{
        "CertificateAuthority$RevocationConfiguration":"<p>Information about the certificate revocation list (CRL) created and maintained by your private CA. </p>",
        "CreateCertificateAuthorityRequest$RevocationConfiguration":"<p>Contains a Boolean value that you can use to enable a certification revocation list (CRL) for the CA, the name of the S3 bucket to which ACM PCA will write the CRL, and an optional CNAME alias that you can use to hide the name of your bucket in the <b>CRL Distribution Points</b> extension of your CA certificate. For more information, see the <a>CrlConfiguration</a> structure. </p>",
        "UpdateCertificateAuthorityRequest$RevocationConfiguration":"<p>Revocation information for your private CA.</p>"
      }
    },
    "RevocationReason":{
      "base":null,
      "refs":{
        "RevokeCertificateRequest$RevocationReason":"<p>Specifies why you revoked the certificate.</p>"
      }
    },
    "RevokeCertificateRequest":{
      "base":null,
      "refs":{
      }
    },
    "SigningAlgorithm":{
      "base":null,
      "refs":{
        "CertificateAuthorityConfiguration$SigningAlgorithm":"<p>Name of the algorithm your private CA uses to sign certificate requests.</p>",
        "IssueCertificateRequest$SigningAlgorithm":"<p>The name of the algorithm that will be used to sign the certificate to be issued.</p>"
      }
    },
    "String":{
      "base":null,
      "refs":{
        "CertificateAuthority$Serial":"<p>Serial number of your private CA.</p>",
        "CertificateMismatchException$message":null,
        "ConcurrentModificationException$message":null,
        "CreateCertificateAuthorityAuditReportRequest$S3BucketName":"<p>Name of the S3 bucket that will contain the audit report.</p>",
        "CreateCertificateAuthorityAuditReportResponse$S3Key":"<p>The <b>key</b> that uniquely identifies the report file in your S3 bucket.</p>",
        "DescribeCertificateAuthorityAuditReportResponse$S3BucketName":"<p>Name of the S3 bucket that contains the report.</p>",
        "DescribeCertificateAuthorityAuditReportResponse$S3Key":"<p>S3 <b>key</b> that uniquely identifies the report file in your S3 bucket.</p>",
        "InvalidArgsException$message":null,
        "InvalidArnException$message":null,
        "InvalidNextTokenException$message":null,
        "InvalidPolicyException$message":null,
        "InvalidStateException$message":null,
        "InvalidTagException$message":null,
        "LimitExceededException$message":null,
        "MalformedCSRException$message":null,
        "MalformedCertificateException$message":null,
        "RequestAlreadyProcessedException$message":null,
        "RequestFailedException$message":null,
        "RequestInProgressException$message":null,
        "ResourceNotFoundException$message":null,
        "TooManyTagsException$message":null
      }
    },
    "String128":{
      "base":null,
      "refs":{
        "ASN1Subject$State":"<p>State in which the subject of the certificate is located.</p>",
        "ASN1Subject$Locality":"<p>The locality (such as a city or town) in which the certificate subject is located.</p>",
        "ASN1Subject$Pseudonym":"<p>Typically a shortened version of a longer <b>GivenName</b>. For example, Jonathan is often shortened to John. Elizabeth is often shortened to Beth, Liz, or Eliza.</p>",
        "RevokeCertificateRequest$CertificateSerial":"<p>Serial number of the certificate to be revoked. This must be in hexadecimal format. You can retrieve the serial number by calling <a>GetCertificate</a> with the Amazon Resource Name (ARN) of the certificate you want and the ARN of your private CA. The <b>GetCertificate</b> operation retrieves the certificate in the PEM format. You can use the following OpenSSL command to list the certificate in text format and copy the hexadecimal serial number. </p> <p> <code>openssl x509 -in <i>file_path</i> -text -noout</code> </p> <p>You can also copy the serial number from the console or use the <a href=\"https://docs.aws.amazon.com/acm/latest/APIReference/API_DescribeCertificate.html\">DescribeCertificate</a> operation in the <i>AWS Certificate Manager API Reference</i>. </p>"
      }
    },
    "String16":{
      "base":null,
      "refs":{
        "ASN1Subject$GivenName":"<p>First name.</p>"
      }
    },
    "String253":{
      "base":null,
      "refs":{
        "CrlConfiguration$CustomCname":"<p>Name inserted into the certificate <b>CRL Distribution Points</b> extension that enables the use of an alias for the CRL distribution point. Use this value if you don't want the name of your S3 bucket to be public.</p>"
      }
    },
    "String3":{
      "base":null,
      "refs":{
        "ASN1Subject$GenerationQualifier":"<p>Typically a qualifier appended to the name of an individual. Examples include Jr. for junior, Sr. for senior, and III for third.</p>"
      }
    },
    "String3To255":{
      "base":null,
      "refs":{
        "CrlConfiguration$S3BucketName":"<p>Name of the S3 bucket that contains the CRL. If you do not provide a value for the <b>CustomCname</b> argument, the name of your S3 bucket is placed into the <b>CRL Distribution Points</b> extension of the issued certificate. You can change the name of your bucket by calling the <a>UpdateCertificateAuthority</a> operation. You must specify a bucket policy that allows ACM PCA to write the CRL to your bucket.</p>"
      }
    },
    "String40":{
      "base":null,
      "refs":{
        "ASN1Subject$Surname":"<p>Family name. In the US and the UK, for example, the surname of an individual is ordered last. In Asian cultures the surname is typically ordered first.</p>"
      }
    },
    "String5":{
      "base":null,
      "refs":{
        "ASN1Subject$Initials":"<p>Concatenation that typically contains the first letter of the <b>GivenName</b>, the first letter of the middle name if one exists, and the first letter of the <b>SurName</b>.</p>"
      }
    },
    "String64":{
      "base":null,
      "refs":{
        "ASN1Subject$Organization":"<p>Legal name of the organization with which the certificate subject is affiliated. </p>",
        "ASN1Subject$OrganizationalUnit":"<p>A subdivision or unit of the organization (such as sales or finance) with which the certificate subject is affiliated.</p>",
        "ASN1Subject$CommonName":"<p>Fully qualified domain name (FQDN) associated with the certificate subject.</p>",
        "ASN1Subject$SerialNumber":"<p>The certificate serial number.</p>",
        "ASN1Subject$Title":"<p>A title such as Mr. or Ms., which is pre-pended to the name to refer formally to the certificate subject.</p>"
      }
    },
    "TStamp":{
      "base":null,
      "refs":{
        "CertificateAuthority$CreatedAt":"<p>Date and time at which your private CA was created.</p>",
        "CertificateAuthority$LastStateChangeAt":"<p>Date and time at which your private CA was last updated.</p>",
        "CertificateAuthority$NotBefore":"<p>Date and time before which your private CA certificate is not valid.</p>",
        "CertificateAuthority$NotAfter":"<p>Date and time after which your private CA certificate is not valid.</p>",
        "CertificateAuthority$RestorableUntil":"<p>The period during which a deleted CA can be restored. For more information, see the <code>PermanentDeletionTimeInDays</code> parameter of the <a>DeleteCertificateAuthorityRequest</a> operation. </p>",
        "DescribeCertificateAuthorityAuditReportResponse$CreatedAt":"<p>The date and time at which the report was created.</p>"
      }
    },
    "Tag":{
      "base":"<p>Tags are labels that you can use to identify and organize your private CAs. Each tag consists of a key and an optional value. You can associate up to 50 tags with a private CA. To add one or more tags to a private CA, call the <a>TagCertificateAuthority</a> operation. To remove a tag, call the <a>UntagCertificateAuthority</a> operation. </p>",
      "refs":{
        "TagList$member":null
      }
    },
    "TagCertificateAuthorityRequest":{
      "base":null,
      "refs":{
      }
    },
    "TagKey":{
      "base":null,
      "refs":{
        "Tag$Key":"<p>Key (name) of the tag.</p>"
      }
    },
    "TagList":{
      "base":null,
      "refs":{
        "ListTagsResponse$Tags":"<p>The tags associated with your private CA.</p>",
        "TagCertificateAuthorityRequest$Tags":"<p>List of tags to be associated with the CA.</p>",
        "UntagCertificateAuthorityRequest$Tags":"<p>List of tags to be removed from the CA.</p>"
      }
    },
    "TagValue":{
      "base":null,
      "refs":{
        "Tag$Value":"<p>Value of the tag.</p>"
      }
    },
    "TooManyTagsException":{
      "base":"<p>You can associate up to 50 tags with a private CA. Exception information is contained in the exception message field.</p>",
      "refs":{
      }
    },
    "UntagCertificateAuthorityRequest":{
      "base":null,
      "refs":{
      }
    },
    "UpdateCertificateAuthorityRequest":{
      "base":null,
      "refs":{
      }
    },
    "Validity":{
      "base":"<p>Length of time for which the certificate issued by your private certificate authority (CA), or by the private CA itself, is valid in days, months, or years. You can issue a certificate by calling the <a>IssueCertificate</a> operation.</p>",
      "refs":{
        "IssueCertificateRequest$Validity":"<p>The type of the validity period.</p>"
      }
    },
    "ValidityPeriodType":{
      "base":null,
      "refs":{
        "Validity$Type":"<p>Specifies whether the <code>Value</code> parameter represents days, months, or years.</p>"
      }
    }
  }
}
